version,onset_trim_s,estimate,CR2_SE,CR2_p,n_trials,n_participants,source_file
0803 window-specific-QC,0,0.0072514018318207,0.003364785930195,0.0375768721530705,471,42,D:\投稿desk\2026sci\260419投稿材料\260722\数据分析结果包-0803-（剔除eeg0 5 10 15）\filesource_flat\SRC0297__06_eeg_primary_onset_window_models_trim_0s__09_eeg_order_CR2.csv
0805 common-QC final,0,0.0075658166379185,0.0033269289521347,0.0287558563540436,461,42,D:\投稿desk\2026sci\260419投稿材料\260722\数据分析结果包-0805（对齐眼动eeg）\filesource_flat\SRC0297__06_eeg_primary_onset_window_models_trim_0s__09_eeg_order_CR2.csv
2026-08-18 complementary common-input re-fit,0,0.0075608133697209,0.0033276673147176,0.0288884856566312,461,42,D:\投稿desk\2026sci\260419投稿材料\260722\EEG再发现\reanalysis_out\coefficient_CR2_crosscheck.csv
0803 window-specific-QC,5,0.0087556001396948,0.0032435921159076,0.0103541597774995,469,42,D:\投稿desk\2026sci\260419投稿材料\260722\数据分析结果包-0803-（剔除eeg0 5 10 15）\filesource_flat\SRC0363__06_eeg_primary_onset_window_models_trim_5s__09_eeg_order_CR2.csv
0805 common-QC final,5,0.0085609548641383,0.0032905212980314,0.0131937952474565,461,42,D:\投稿desk\2026sci\260419投稿材料\260722\数据分析结果包-0805（对齐眼动eeg）\filesource_flat\SRC0363__06_eeg_primary_onset_window_models_trim_5s__09_eeg_order_CR2.csv
2026-08-18 complementary common-input re-fit,5,0.0085551139038661,0.0032915022034901,0.0132768645664369,461,42,D:\投稿desk\2026sci\260419投稿材料\260722\EEG再发现\reanalysis_out\coefficient_CR2_crosscheck.csv
0803 window-specific-QC,10,0.0070010949692164,0.0033311222863269,0.0422767284836925,474,42,D:\投稿desk\2026sci\260419投稿材料\260722\数据分析结果包-0803-（剔除eeg0 5 10 15）\filesource_flat\SRC0319__06_eeg_primary_onset_window_models_trim_10s__09_eeg_order_CR2.csv
0805 common-QC final,10,0.0074981182995054,0.0033952859958368,0.0333902861364864,461,42,D:\投稿desk\2026sci\260419投稿材料\260722\数据分析结果包-0805（对齐眼动eeg）\filesource_flat\SRC0319__06_eeg_primary_onset_window_models_trim_10s__09_eeg_order_CR2.csv
2026-08-18 complementary common-input re-fit,10,0.007492389589833,0.0033966944614255,0.0335867846302936,461,42,D:\投稿desk\2026sci\260419投稿材料\260722\EEG再发现\reanalysis_out\coefficient_CR2_crosscheck.csv
0803 window-specific-QC,15,0.0041962528507091,0.0033489791763622,0.217833147407485,476,42,D:\投稿desk\2026sci\260419投稿材料\260722\数据分析结果包-0803-（剔除eeg0 5 10 15）\filesource_flat\SRC0341__06_eeg_primary_onset_window_models_trim_15s__09_eeg_order_CR2.csv
0805 common-QC final,15,0.0047529982447031,0.0034002558685949,0.170356113915496,461,42,D:\投稿desk\2026sci\260419投稿材料\260722\数据分析结果包-0805（对齐眼动eeg）\filesource_flat\SRC0341__06_eeg_primary_onset_window_models_trim_15s__09_eeg_order_CR2.csv
2026-08-18 complementary common-input re-fit,15,0.0047463338540449,0.0034018033037987,0.1711311629802498,461,42,D:\投稿desk\2026sci\260419投稿材料\260722\EEG再发现\reanalysis_out\coefficient_CR2_crosscheck.csv
