onset_trim_s,outcome,term,estimate,cr2_se,df,p_cr2,q_within,q_joint
0,O_theta_relative,WWRWWR45,0.001522177786035,0.004117718163372,20.70677366674313,0.7153854915903641,0.9657704136469916,0.9498100731856677
0,O_theta_relative,WWRWWR75,0.0045971569165242,0.0027716305749677,21.34525354186194,0.1118107225748031,0.6991323918740527,0.7186158052676244
0,O_theta_relative,ComplexityC1,0.002477019385144,0.002584616489734,25.7724908060274,0.3467810108475951,0.8444189030279059,0.8917225993223874
0,O_theta_relative,ExperienceGroupLow,0.0041093403981687,0.0096023022517684,22.571459717072955,0.6727405323927225,0.9559997039265004,0.9498100731856677
0,O_theta_relative,WWRWWR45:ComplexityC1,0.003998070330453,0.0032715823752505,37.59548605783791,0.2292919181074561,0.7689669164861271,0.8163800161188547
0,O_theta_relative,WWRWWR75:ComplexityC1,4.226325926854635e-06,0.003133905134552,40.00695449858775,0.9989306903642158,0.9989306903642158,0.9989306903642158
0,O_theta_relative,WWRWWR45:ExperienceGroupLow,-0.0006832551786266793,0.0038912956947294,30.337477536002083,0.8617863279589763,0.9960684840277789,0.9857021528569829
0,O_theta_relative,WWRWWR75:ExperienceGroupLow,-0.0030611112352549,0.0029241583326195,31.995822649435475,0.3030198158988017,0.8181535029267646,0.8644220694212756
0,O_theta_relative,ComplexityC1:ExperienceGroupLow,0.0010943344957497,0.0020440393459596,31.558114074967445,0.5961412723847292,0.9110838313804352,0.9420380480854951
0,F_theta_relative,WWRWWR45,-0.000759533912307425,0.0039574847402781,20.706758456450437,0.8496718357856344,0.9960684840277789,0.9857021528569829
0,F_theta_relative,WWRWWR75,0.0036149528112276,0.0023242323022385,21.345270061688176,0.1345700978270565,0.6991323918740527,0.7186158052676244
0,F_theta_relative,ComplexityC1,-0.001080954455434,0.0021962030518787,25.77243069853124,0.6267499784874015,0.9230317864996278,0.9483663001738425
0,F_theta_relative,ExperienceGroupLow,-0.00033393938262057,0.0082994393722936,22.71719290195544,0.968256208429998,0.9989306903642158,0.9989306903642158
0,F_theta_relative,WWRWWR45:ComplexityC1,0.0075608133697209,0.0033276673147176,37.59577259329109,0.0288884856566312,0.6991323918740527,0.7186158052676244
0,F_theta_relative,WWRWWR75:ComplexityC1,0.0002122778326566545,0.0030994674720779,40.00750083100635,0.9457379509937844,0.9960684840277789,0.9989306903642158
0,F_theta_relative,WWRWWR45:ExperienceGroupLow,-0.0006985956765854923,0.0038534495764357,30.337516631951942,0.8573449839122615,0.9960684840277789,0.9857021528569829
0,F_theta_relative,WWRWWR75:ExperienceGroupLow,-0.0042556519754424,0.0027542503126304,31.99585680219541,0.1321514023846638,0.6991323918740527,0.7186158052676244
0,F_theta_relative,ComplexityC1:ExperienceGroupLow,0.0027574293145628,0.0020956537529739,31.558053948962986,0.1977251971048172,0.6991323918740527,0.7934004306439938
0,O_alpha_relative,WWRWWR45,-0.0348026364622221,0.0204626001985708,20.70639362619631,0.1039533308823897,0.6991323918740527,0.7186158052676244
0,O_alpha_relative,WWRWWR75,-0.0146784260673766,0.0187957986639172,21.34565874678513,0.4434120274804263,0.8815389366251336,0.914188526870509
0,O_alpha_relative,ComplexityC1,-0.0110368723796115,0.0082305798977602,25.771051139069563,0.19163404609156,0.6991323918740527,0.7934004306439938
0,O_alpha_relative,ExperienceGroupLow,-0.0298831767802734,0.0218447233163946,25.279254209046005,0.1833561247844246,0.6991323918740527,0.7920984590687142
0,O_alpha_relative,WWRWWR45:ComplexityC1,0.0095389136775968,0.0071339982296056,37.6018636932021,0.1892211422473659,0.6991323918740527,0.7934004306439938
0,O_alpha_relative,WWRWWR75:ComplexityC1,-0.0039778037212391,0.0091379864411603,40.019483738776,0.6656804194797981,0.9559997039265004,0.9498100731856677
0,O_alpha_relative,WWRWWR45:ExperienceGroupLow,0.0330576045423917,0.0189772721376691,30.338406368743023,0.0916474059313795,0.6991323918740527,0.7186158052676244
0,O_alpha_relative,WWRWWR75:ExperienceGroupLow,0.0183119379855323,0.0152064083823198,31.996582384092147,0.2373354680512738,0.7689669164861271,0.8180499111554544
0,O_alpha_relative,ComplexityC1:ExperienceGroupLow,0.0092207991353208,0.0096259202849136,31.55665667566483,0.3453882992129125,0.8444189030279059,0.8917225993223874
0,O_beta_relative,WWRWWR45,0.0061830566332092,0.0076931824394527,20.70677823488556,0.4306970851106069,0.8815389366251336,0.914188526870509
0,O_beta_relative,WWRWWR75,0.0018456710238025,0.0055117473278034,21.34524857475793,0.7409980513590426,0.9687437425952152,0.9498100731856677
0,O_beta_relative,ComplexityC1,0.0025775522382296,0.0044324499480965,25.772508906571318,0.5659429248362805,0.9077331842363336,0.9420380480854951
0,O_beta_relative,ExperienceGroupLow,0.0144345362413035,0.0234585709011364,22.5268854605824,0.5445099810532111,0.9077331842363336,0.9420380480854951
0,O_beta_relative,WWRWWR45:ComplexityC1,0.0004157518801441976,0.0058383658603961,37.59539939896728,0.9436078431140424,0.9960684840277789,0.9989306903642158
0,O_beta_relative,WWRWWR75:ComplexityC1,-0.0095351810507514,0.0060047122455713,40.00678954519692,0.1201707155718983,0.6991323918740527,0.7186158052676244
0,O_beta_relative,WWRWWR45:ExperienceGroupLow,0.0011260219932642,0.0079533336635859,30.337465757417693,0.8883488538093796,0.9960684840277789,0.9857021528569829
0,O_beta_relative,WWRWWR75:ExperienceGroupLow,0.0053522809996503,0.0054768406126103,31.9958123202322,0.3357734495906094,0.8444189030279059,0.8917225993223874
0,O_beta_relative,ComplexityC1:ExperienceGroupLow,0.0014084210681756,0.0047603830049462,31.55813216948754,0.7692728811049557,0.9736109901484596,0.9584301047554141
0,P_theta_relative,WWRWWR45,-0.0007096918715795461,0.003204359070204,20.706733886020345,0.8268905669980151,0.9960684840277789,0.9857021528569829
0,P_theta_relative,WWRWWR75,0.005131411199504,0.0038668301700031,21.345296687328457,0.1985190742358421,0.6991323918740527,0.7934004306439938
0,P_theta_relative,ComplexityC1,-0.0022529440667147,0.0027808606353503,25.77233411293228,0.425265668166625,0.8815389366251336,0.914188526870509
0,P_theta_relative,ExperienceGroupLow,-0.0031773516762997,0.008217682599971,22.944197691686757,0.7025793805267766,0.9645581325876085,0.9498100731856677
0,P_theta_relative,WWRWWR45:ComplexityC1,0.0052309317499078,0.0038243082506843,37.59622907519229,0.1794920378157238,0.6991323918740527,0.7858840574634393
0,P_theta_relative,WWRWWR75:ComplexityC1,0.0020799242796129,0.0040224315322189,40.00837414540658,0.6079463990252751,0.9119195985379127,0.9420380480854951
0,P_theta_relative,WWRWWR45:ExperienceGroupLow,-0.0017461582165131,0.00298839526987,30.337579396966117,0.5633299811919685,0.9077331842363336,0.9420380480854951
0,P_theta_relative,WWRWWR75:ExperienceGroupLow,-0.0083655964122881,0.0041619371729172,31.995911209415645,0.052923094675069,0.6991323918740527,0.7186158052676244
0,P_theta_relative,ComplexityC1:ExperienceGroupLow,0.0018416028343378,0.0022832824966174,31.55795720858319,0.4259572809526966,0.8815389366251336,0.914188526870509
0,P_alpha_relative,WWRWWR45,-0.0222089220705416,0.0103933406819496,20.70673083830579,0.0447113547450544,0.6991323918740527,0.7186158052676244
0,P_alpha_relative,WWRWWR75,-0.0072386007185147,0.0129755909905564,21.345299984877425,0.5827422911146833,0.9077331842363336,0.9420380480854951
0,P_alpha_relative,ComplexityC1,-0.0101381465176612,0.0073067307474577,25.77232217551278,0.1771685635854963,0.6991323918740527,0.7858840574634393
0,P_alpha_relative,ExperienceGroupLow,0.0080282374052542,0.0267035460965427,22.97165587114512,0.7663908093967214,0.9736109901484596,0.9584301047554141
0,P_alpha_relative,WWRWWR45:ComplexityC1,0.0129272977837504,0.0078409124972077,37.59628515895544,0.1075422870328952,0.6991323918740527,0.7186158052676244
0,P_alpha_relative,WWRWWR75:ComplexityC1,-0.0029178249972094,0.00878457647479,40.00848169440816,0.7415075560605351,0.9687437425952152,0.9498100731856677
0,P_alpha_relative,WWRWWR45:ExperienceGroupLow,0.0170541001901839,0.0110599956600621,30.337587149430156,0.1334502820192472,0.6991323918740527,0.7186158052676244
0,P_alpha_relative,WWRWWR75:ExperienceGroupLow,0.0078381680751295,0.0113628738409621,31.99591789376135,0.4952898936041802,0.9077331842363336,0.9275949452471351
0,P_alpha_relative,ComplexityC1:ExperienceGroupLow,0.0010899490128204,0.0085223815305389,31.55794524124525,0.8990455383866054,0.9960684840277789,0.9907848790382998
0,F_alpha_relative,WWRWWR45,-0.0263513293069046,0.0175206207571752,20.70651741941812,0.1476773489196719,0.6991323918740527,0.7186158052676244
0,F_alpha_relative,WWRWWR75,-0.0137630507923384,0.0181715983454129,21.345528343254767,0.4570942634352545,0.8815389366251336,0.914188526870509
0,F_alpha_relative,ComplexityC1,-0.0037219216506127,0.0048986436095865,25.77150734913118,0.4542770830970581,0.8815389366251336,0.914188526870509
0,F_alpha_relative,ExperienceGroupLow,-0.0226430969141077,0.0208032475139787,24.57459808210704,0.2869604014306711,0.8015109688841697,0.8644220694212756
0,F_alpha_relative,WWRWWR45:ComplexityC1,0.0073437380254166,0.0064998277071243,37.599947365582096,0.2657017758209821,0.8015109688841697,0.835799760834934
0,F_alpha_relative,WWRWWR75:ComplexityC1,-0.0036635437531475,0.0064767495128881,40.01563228329747,0.5747931371257629,0.9077331842363336,0.9420380480854951
0,F_alpha_relative,WWRWWR45:ExperienceGroupLow,0.0252728077039527,0.0162567206076813,30.33811374930089,0.1304110337704058,0.6991323918740527,0.7186158052676244
0,F_alpha_relative,WWRWWR75:ExperienceGroupLow,0.0169476406486834,0.0156507108983025,31.996354237179386,0.2869607172548262,0.8015109688841697,0.8644220694212756
0,F_alpha_relative,ComplexityC1:ExperienceGroupLow,0.001414207932946,0.0064536489597542,31.55712254254881,0.8279575673603212,0.9960684840277789,0.9857021528569829
0,F_beta_relative,WWRWWR45,7.243376375902995e-05,0.0053701562864214,20.7067857977514,0.9893674108381294,0.9989306903642158,0.9989306903642158
0,F_beta_relative,WWRWWR75,-0.0003174763013260903,0.0047093796819873,21.345240345565344,0.946879916915296,0.9960684840277789,0.9989306903642158
0,F_beta_relative,ComplexityC1,0.0006542815714140117,0.0044944547853534,25.77253892300285,0.8853892657420113,0.9960684840277789,0.9857021528569829
0,F_beta_relative,ExperienceGroupLow,0.0040267509288017,0.0233425001572392,22.452252975069936,0.8645843383445151,0.9960684840277789,0.9857021528569829
0,F_beta_relative,WWRWWR45:ComplexityC1,0.0074835507177255,0.005070080767767,37.59525530864524,0.1482653123992899,0.6991323918740527,0.7186158052676244
0,F_beta_relative,WWRWWR75:ComplexityC1,-0.0061040998490039,0.0056544327728378,40.00651555548563,0.2868193823491344,0.8015109688841697,0.8644220694212756
0,F_beta_relative,WWRWWR45:ExperienceGroupLow,0.0045350792805941,0.0057451698653227,30.337446219313524,0.4360205785825143,0.8815389366251336,0.914188526870509
0,F_beta_relative,WWRWWR75:ExperienceGroupLow,0.0089833942419392,0.0059188624605988,31.99579514541084,0.1388954759736166,0.6991323918740527,0.7186158052676244
0,F_beta_relative,ComplexityC1:ExperienceGroupLow,0.0031330190916574,0.0047731148518882,31.55816216416039,0.5163319804631916,0.9077331842363336,0.9350752641531156
0,P_beta_relative,WWRWWR45,0.0044874073721563,0.0047374176597026,20.706789712853944,0.3544474407771457,0.8444189030279059,0.8936072465120245
0,P_beta_relative,WWRWWR75,-0.003285682531507,0.0050295157152425,21.345236082652555,0.5205512374909769,0.9077331842363336,0.9350752641531156
0,P_beta_relative,ComplexityC1,-0.0038440765398673,0.0042588679277277,25.77255448632738,0.3750943997704794,0.8680756108973953,0.8936072465120245
0,P_beta_relative,ExperienceGroupLow,0.0133270700635053,0.0236281001861244,22.41320231603728,0.5783313967202255,0.9077331842363336,0.9420380480854951
0,P_beta_relative,WWRWWR45:ComplexityC1,0.0133230980459297,0.0069756922224188,37.59518041023042,0.0637935493452686,0.6991323918740527,0.7186158052676244
0,P_beta_relative,WWRWWR75:ComplexityC1,0.0021820070093803,0.0056068374481835,40.00637327424618,0.6992149990724126,0.9645581325876085,0.9498100731856677
0,P_beta_relative,WWRWWR45:ExperienceGroupLow,0.0005107207580131813,0.0058509871175859,30.337436086239688,0.9310162374217322,0.9960684840277789,0.9989306903642158
0,P_beta_relative,WWRWWR75:ExperienceGroupLow,0.0039909272054065,0.0059978924403223,31.995786217840696,0.510570678458929,0.9077331842363336,0.9350752641531156
0,P_beta_relative,ComplexityC1:ExperienceGroupLow,0.00014081590034665257,0.0048488718384965,31.558177710441004,0.977014803326864,0.9989306903642158,0.9989306903642158
5,O_theta_relative,WWRWWR45,0.0014807384809864,0.0042096770663606,20.706771654293213,0.72858274427323,0.9409403136730445,0.9498100731856677
5,O_theta_relative,WWRWWR75,0.0045733781440386,0.0026663903262545,21.34525572923494,0.1007923612322166,0.7209725749678211,0.7186158052676244
5,O_theta_relative,ComplexityC1,0.0021075421281117,0.0025220567160337,25.772482839144136,0.4110355967890406,0.8620069508135396,0.914188526870509
5,O_theta_relative,ExperienceGroupLow,0.0041036465538249,0.009628026389577,22.590977064734755,0.6739821021145722,0.9386635514744834,0.9498100731856677
5,O_theta_relative,WWRWWR45:ComplexityC1,0.0049267060960503,0.0031420401768575,37.59552414557014,0.1252615065001485,0.7209725749678211,0.7186158052676244
5,O_theta_relative,WWRWWR75:ComplexityC1,1.159232120496279e-05,0.0032188361240825,40.00702703844956,0.997144402076737,0.997144402076737,0.9989306903642158
5,O_theta_relative,WWRWWR45:ExperienceGroupLow,-0.0009078436002762948,0.0041451058181116,30.337482719510355,0.8281045842390617,0.9514339564121802,0.9857021528569829
5,O_theta_relative,WWRWWR75:ExperienceGroupLow,-0.0036831771075314,0.0028485464764512,31.995827189237207,0.2052689574725453,0.7209725749678211,0.7934004306439938
5,O_theta_relative,ComplexityC1:ExperienceGroupLow,0.0015133164221645,0.0019781624813674,31.558106109038995,0.4499482967962259,0.8790968307420344,0.914188526870509
5,F_theta_relative,WWRWWR45,-0.0008656066869008109,0.0043930971244122,20.70675057682463,0.8457190723663823,0.9514339564121802,0.9857021528569829
5,F_theta_relative,WWRWWR75,0.0028519890021748,0.0024731561141924,21.345278608432835,0.2615877539755061,0.8149464643083075,0.8337906833284844
5,F_theta_relative,ComplexityC1,-0.0019039392559234,0.0021461376835677,25.77239965602524,0.3832041125111399,0.8620069508135396,0.8996966119826763
5,F_theta_relative,ExperienceGroupLow,-0.0005134372543283657,0.0083018982281733,22.79110275597688,0.9512248304953984,0.9937272828906423,0.9989306903642158
5,F_theta_relative,WWRWWR45:ComplexityC1,0.0085551139038661,0.0032915022034901,37.59591983401494,0.0132768645664369,0.7209725749678211,0.7186158052676244
5,F_theta_relative,WWRWWR75:ComplexityC1,0.0007054999087830927,0.0033165868011373,40.00778212502629,0.8326265743994377,0.9514339564121802,0.9857021528569829
5,F_theta_relative,WWRWWR45:ExperienceGroupLow,-0.0011887056954823,0.0042660800921408,30.33753681229533,0.7824107401078471,0.9514339564121802,0.9615145456776121
5,F_theta_relative,WWRWWR75:ExperienceGroupLow,-0.0042326953662385,0.0026949410912844,31.995874351800243,0.1261116809599095,0.7209725749678211,0.7186158052676244
5,F_theta_relative,ComplexityC1:ExperienceGroupLow,0.0033259461258239,0.0020568955966292,31.558022873593337,0.1158378767220081,0.7209725749678211,0.7186158052676244
5,O_alpha_relative,WWRWWR45,-0.0364574743272333,0.0210268747419996,20.706385505865025,0.0978102162739091,0.7209725749678211,0.7186158052676244
5,O_alpha_relative,WWRWWR75,-0.0161182389781996,0.0193112316694906,21.34566725354909,0.4131555966171251,0.8620069508135396,0.914188526870509
5,O_alpha_relative,ComplexityC1,-0.0114799940834418,0.0089425834566786,25.771021577949224,0.2106542198780533,0.7209725749678211,0.7934004306439938
5,O_alpha_relative,ExperienceGroupLow,-0.0314324311927167,0.0227232908129334,25.32101183403452,0.1786584124281937,0.7209725749678211,0.7858840574634393
5,O_alpha_relative,WWRWWR45:ComplexityC1,0.0096281460773354,0.0076106137150594,37.60198474544593,0.2136215036941692,0.7209725749678211,0.7934004306439938
5,O_alpha_relative,WWRWWR75:ComplexityC1,-0.0032444319255365,0.0095316013477488,40.01972980849844,0.7353455462019287,0.9409403136730445,0.9498100731856677
5,O_alpha_relative,WWRWWR45:ExperienceGroupLow,0.0354156762773796,0.0194936284359003,30.338425274711305,0.0791421814878536,0.7209725749678211,0.7186158052676244
5,O_alpha_relative,WWRWWR75:ExperienceGroupLow,0.0190294052658584,0.0156314754660904,31.996596789746988,0.2323631811028196,0.7528567067731354,0.8180499111554544
5,O_alpha_relative,ComplexityC1:ExperienceGroupLow,0.0094371987168738,0.0102054984560886,31.556626353686983,0.3621308065569483,0.8620069508135396,0.8936072465120245
5,O_beta_relative,WWRWWR45,0.0067664084748971,0.0081334198670058,20.706775578437934,0.4149419545571567,0.8620069508135396,0.914188526870509
5,O_beta_relative,WWRWWR75,0.0024524958430798,0.0056096501153985,21.345251463528808,0.6663631550395815,0.9386635514744834,0.9498100731856677
5,O_beta_relative,ComplexityC1,0.0020619436782629,0.0045631027279968,25.77249837807692,0.6551404547531574,0.9386635514744834,0.9498100731856677
5,O_beta_relative,ExperienceGroupLow,0.0154015898284582,0.0233139791212174,22.55285203231117,0.5155502812456901,0.9002586319772017,0.9350752641531156
5,O_beta_relative,WWRWWR45:ComplexityC1,0.0010355113366936,0.005757855278788,37.59544982666368,0.858241495988491,0.9522953585625722,0.9857021528569829
5,O_beta_relative,WWRWWR75:ComplexityC1,-0.0086893286497193,0.0061392392731976,40.00688551767672,0.1646961474960488,0.7209725749678211,0.7733558230249248
5,O_beta_relative,WWRWWR45:ExperienceGroupLow,-0.00011586290616613564,0.0085179251422035,30.33747260893768,0.9892363736789876,0.997144402076737,0.9989306903642158
5,O_beta_relative,WWRWWR75:ExperienceGroupLow,0.0048736188988861,0.0055783178973641,31.99581833091101,0.388807431390191,0.8620069508135396,0.9062849479886467
5,O_beta_relative,ComplexityC1:ExperienceGroupLow,0.0015982528546635,0.0050258142504345,31.55812164514811,0.7525731856362956,0.9409403136730445,0.9498100731856677
5,P_theta_relative,WWRWWR45,-0.0007891422146407932,0.0037043487349034,20.70671795546652,0.8333859085731046,0.9514339564121802,0.9857021528569829
5,P_theta_relative,WWRWWR75,0.0042979711978382,0.004602133512502,21.34531391156145,0.3607963484230513,0.8620069508135396,0.8936072465120245
5,P_theta_relative,ComplexityC1,-0.0017546932983545,0.002926516167313,25.772271818305303,0.5540185157602038,0.9073040969549732,0.9420380480854951
5,P_theta_relative,ExperienceGroupLow,-0.0033387155975142,0.0084183908199086,23.08607226706896,0.6953063344255432,0.9386635514744834,0.9498100731856677
5,P_theta_relative,WWRWWR45:ComplexityC1,0.0051115127346116,0.0040352072194288,37.59652094085824,0.2130438672684434,0.7209725749678211,0.7934004306439938
5,P_theta_relative,WWRWWR75:ComplexityC1,0.0021280129832364,0.0043747673460245,40.00893445354041,0.6293171436338769,0.9386635514744834,0.9483663001738425
5,P_theta_relative,WWRWWR45:ExperienceGroupLow,-0.0014334107206832,0.0033570086402159,30.337619840745575,0.6724014348255503,0.9386635514744834,0.9498100731856677
5,P_theta_relative,WWRWWR75:ExperienceGroupLow,-0.0074173847703489,0.0045103080442853,31.995945994981064,0.109855792717176,0.7209725749678211,0.7186158052676244
5,P_theta_relative,ComplexityC1:ExperienceGroupLow,0.0017464917133794,0.0024637759602915,31.55789473151544,0.4836106289957037,0.881700328334304,0.927158839021349
5,P_alpha_relative,WWRWWR45,-0.0241505354951296,0.0105884650605361,20.706727696465222,0.0332591324272468,0.7209725749678211,0.7186158052676244
5,P_alpha_relative,WWRWWR75,-0.0080101047824982,0.0137120885432521,21.345303383106558,0.565233425837371,0.9073040969549732,0.9420380480854951
5,P_alpha_relative,ComplexityC1,-0.010477434928227,0.0078169249333916,25.77230987920911,0.1918279369868976,0.7209725749678211,0.7934004306439938
5,P_alpha_relative,ExperienceGroupLow,0.008864454981634,0.0280785426550214,22.999804442801423,0.7550755603549123,0.9409403136730445,0.9498100731856677
5,P_alpha_relative,WWRWWR45:ComplexityC1,0.013103164154106,0.0082464415581414,37.59634285230997,0.1204475469008453,0.7209725749678211,0.7186158052676244
5,P_alpha_relative,WWRWWR75:ComplexityC1,-0.0022344777384615,0.0091159716851425,40.00859238826988,0.8076189446792943,0.9514339564121802,0.9800319778130763
5,P_alpha_relative,WWRWWR45:ExperienceGroupLow,0.0188671036695986,0.0111694615248641,30.33759513382889,0.1014408831193261,0.7209725749678211,0.7186158052676244
5,P_alpha_relative,WWRWWR75:ExperienceGroupLow,0.0071719555664273,0.0120089027181528,31.995924769903908,0.5545637941768815,0.9073040969549732,0.9420380480854951
5,P_alpha_relative,ComplexityC1:ExperienceGroupLow,0.0013971376004522,0.0090081274105335,31.557932911628253,0.8777322634114871,0.9607609910314926,0.9857021528569829
5,F_alpha_relative,WWRWWR45,-0.0268212314381604,0.0179230942778671,20.70651500070997,0.1496210287696313,0.7209725749678211,0.7186158052676244
5,F_alpha_relative,WWRWWR75,-0.0143313621178372,0.0188681076907244,21.345530904559816,0.4558279863106845,0.8790968307420344,0.914188526870509
5,F_alpha_relative,ComplexityC1,-0.0052017062466413,0.0050794869813492,25.77149833046685,0.3153232710542796,0.8531739794599512,0.8825937718551219
5,F_alpha_relative,ExperienceGroupLow,-0.0236195932788067,0.021808089694895,24.5897049460157,0.2892857353522611,0.8531739794599512,0.8644220694212756
5,F_alpha_relative,WWRWWR45:ComplexityC1,0.0073173152037895,0.0069808559052421,37.599986144632645,0.3012389816594467,0.8531739794599512,0.8644220694212756
5,F_alpha_relative,WWRWWR75:ComplexityC1,-0.0029403192595239,0.0068467640216638,40.01570942902509,0.6699018302443978,0.9386635514744834,0.9498100731856677
5,F_alpha_relative,WWRWWR45:ExperienceGroupLow,0.0259017499371377,0.0166839678706967,30.338119549427898,0.1309150287439915,0.7209725749678211,0.7186158052676244
5,F_alpha_relative,WWRWWR75:ExperienceGroupLow,0.0165797306001947,0.016275505384195,31.99635885556869,0.3159903627629449,0.8531739794599512,0.8825937718551219
5,F_alpha_relative,ComplexityC1:ExperienceGroupLow,0.002587753849371,0.0065159012568847,31.55711337044376,0.6939343751723902,0.9386635514744834,0.9498100731856677
5,F_beta_relative,WWRWWR45,-0.0003647382634426656,0.0056968647231962,20.70678346112052,0.9495648631799436,0.9937272828906423,0.9989306903642158
5,F_beta_relative,WWRWWR75,-0.00019223287900849717,0.0049191153907674,21.345242888842957,0.9691908067698856,0.9937272828906423,0.9989306903642158
5,F_beta_relative,ComplexityC1,0.0002019897686594181,0.0046811399024568,25.772529642436197,0.9659147781040768,0.9937272828906423,0.9989306903642158
5,F_beta_relative,ExperienceGroupLow,0.0047473629252347,0.0230874107175296,22.47542379013708,0.8389344586655431,0.9514339564121802,0.9857021528569829
5,F_beta_relative,WWRWWR45:ComplexityC1,0.0082866379651574,0.0051535991242496,37.59529990997771,0.1162170917042136,0.7209725749678211,0.7186158052676244
5,F_beta_relative,WWRWWR75:ComplexityC1,-0.0056355843141177,0.0058888825129558,40.00660032782498,0.3443214183247011,0.8620069508135396,0.8917225993223874
5,F_beta_relative,WWRWWR45:ExperienceGroupLow,0.0044050682861907,0.0061819253749135,30.33745226089124,0.4815555337721716,0.881700328334304,0.927158839021349
5,F_beta_relative,WWRWWR75:ExperienceGroupLow,0.0091640047182356,0.0061579781445074,31.99580046167705,0.146501480477725,0.7209725749678211,0.7186158052676244
5,F_beta_relative,ComplexityC1:ExperienceGroupLow,0.0037788699271812,0.0047881467618543,31.55815289188622,0.4358768115419639,0.8790968307420344,0.914188526870509
5,P_beta_relative,WWRWWR45,0.0042339597075985,0.0050904343497826,20.70678850149464,0.4150403837250376,0.8620069508135396,0.914188526870509
5,P_beta_relative,WWRWWR75,-0.0034025633521871,0.0052314774288384,21.345237401837483,0.5223722926287466,0.9002586319772017,0.9350752641531156
5,P_beta_relative,ComplexityC1,-0.0055563471595687,0.0043412007464438,25.772549669127347,0.2119783075924589,0.7209725749678211,0.7934004306439938
5,P_beta_relative,ExperienceGroupLow,0.0125392977671446,0.0237138011132959,22.425315384457804,0.6021555286103593,0.9379730349507519,0.9420380480854951
5,P_beta_relative,WWRWWR45:ComplexityC1,0.0144794939343967,0.006770731029983,37.59520360677049,0.0390334178651437,0.7209725749678211,0.7186158052676244
5,P_beta_relative,WWRWWR75:ComplexityC1,0.0032076860323779,0.00561872015718,40.00641732955484,0.5712655425272053,0.9073040969549732,0.9420380480854951
5,P_beta_relative,WWRWWR45:ExperienceGroupLow,0.0002446149121467902,0.00621653786432,30.33743922285164,0.9688699057652282,0.9937272828906423,0.9989306903642158
5,P_beta_relative,WWRWWR75:ExperienceGroupLow,0.0042993367261172,0.0061539957498723,31.99578898277432,0.48983351574128,0.881700328334304,0.9275949452471351
5,P_beta_relative,ComplexityC1:ExperienceGroupLow,0.0016011319918898,0.0045125596020975,31.55817289893605,0.7250871254555168,0.9409403136730445,0.9498100731856677
10,O_theta_relative,WWRWWR45,0.0025512463462194,0.0041847814877745,20.706768888005765,0.5487266564616129,0.9456924076739364,0.9420380480854951
10,O_theta_relative,WWRWWR75,0.0050684893136598,0.0028261769836878,21.34525873513974,0.0870895556674873,0.6307137483686281,0.7186158052676244
10,O_theta_relative,ComplexityC1,0.0034206525962234,0.0024351131614533,25.77247189505214,0.1720430312727155,0.7334466070047345,0.7850977765121102
10,O_theta_relative,ExperienceGroupLow,0.0053778742883991,0.0097574142523398,22.617687088136204,0.5869295660355567,0.9456924076739364,0.9420380480854951
10,O_theta_relative,WWRWWR45:ComplexityC1,0.0050476459766893,0.0031292162547424,37.59557641208514,0.1150931130505585,0.6307137483686281,0.7186158052676244
10,O_theta_relative,WWRWWR75:ComplexityC1,-0.0010664992115811,0.0032765310295339,40.00712662296432,0.7465016672108626,0.9456924076739364,0.9498100731856677
10,O_theta_relative,WWRWWR45:ExperienceGroupLow,-0.0017868736633892,0.0042334637475933,30.337489839300343,0.6759406088529476,0.9456924076739364,0.9498100731856677
10,O_theta_relative,WWRWWR75:ExperienceGroupLow,-0.0035793495829778,0.0029682717492947,31.99583341903297,0.2367095578778362,0.8177562471106289,0.8180499111554544
10,O_theta_relative,ComplexityC1:ExperienceGroupLow,0.000558393599348052,0.0020146171783547,31.55809516456349,0.7834562964780543,0.9549500428047404,0.9615145456776121
10,F_theta_relative,WWRWWR45,0.0014956279442338,0.0040175970746007,20.706750307720807,0.7134751949355993,0.9456924076739364,0.9498100731856677
10,F_theta_relative,WWRWWR75,0.0044527419839799,0.0024423951618509,21.345278900184844,0.0823250943201138,0.6307137483686281,0.7186158052676244
10,F_theta_relative,ComplexityC1,0.00029555663063057075,0.0021440120629317,25.772398597009065,0.8914286752079168,0.9627429692245502,0.9857436544961264
10,F_theta_relative,ExperienceGroupLow,0.00175743579025,0.0086424611059998,22.79360815089387,0.8406666957734963,0.9627429692245502,0.9857021528569829
10,F_theta_relative,WWRWWR45:ComplexityC1,0.007492389589833,0.0033966944614255,37.5959248482844,0.0335867846302936,0.6307137483686281,0.7186158052676244
10,F_theta_relative,WWRWWR75:ComplexityC1,-0.0014325472601604,0.0031154980300839,40.007791711116525,0.6481393852332582,0.9456924076739364,0.9498100731856677
10,F_theta_relative,WWRWWR45:ExperienceGroupLow,-0.0030033638288488,0.0041187636442509,30.337537500618428,0.4714775855250863,0.9204430644932434,0.925810531576533
10,F_theta_relative,WWRWWR75:ExperienceGroupLow,-0.0047336046409746,0.0027845921426344,31.995874949446133,0.0988476379543183,0.6307137483686281,0.7186158052676244
10,F_theta_relative,ComplexityC1:ExperienceGroupLow,0.0020143818592973,0.0022122628258691,31.55802181317452,0.3694339290474859,0.8370483666931262,0.8936072465120245
10,O_alpha_relative,WWRWWR45,-0.0373695495968725,0.0221392219555928,20.70637868460544,0.1064301215066325,0.6307137483686281,0.7186158052676244
10,O_alpha_relative,WWRWWR75,-0.0158592505645155,0.0200622750024734,21.34567439511161,0.4379301166875924,0.9204430644932434,0.914188526870509
10,O_alpha_relative,ComplexityC1,-0.0110221973671998,0.0096213667986519,25.77099677879797,0.2624896595663747,0.8177562471106289,0.8337906833284844
10,O_alpha_relative,ExperienceGroupLow,-0.0304224232885661,0.0239963218757689,25.3557036334454,0.2163900755284511,0.8177562471106289,0.7934004306439938
10,O_alpha_relative,WWRWWR45:ComplexityC1,0.0096251567018581,0.0082525054969566,37.60208601130525,0.2508247948505285,0.8177562471106289,0.8337906833284844
10,O_alpha_relative,WWRWWR75:ComplexityC1,-0.0036947992661052,0.0098507398524155,40.01993592025061,0.709582728833263,0.9456924076739364,0.9498100731856677
10,O_alpha_relative,WWRWWR45:ExperienceGroupLow,0.0362781023524808,0.0204855099781129,30.33844112998056,0.0866225150678479,0.6307137483686281,0.7186158052676244
10,O_alpha_relative,WWRWWR75:ExperienceGroupLow,0.0190633191516128,0.0162527922474764,31.99660884011048,0.2494839104177969,0.8177562471106289,0.8337906833284844
10,O_alpha_relative,ComplexityC1:ExperienceGroupLow,0.0081700904865297,0.0107478030877238,31.55660090339189,0.4527990244466374,0.9204430644932434,0.914188526870509
10,O_beta_relative,WWRWWR45,0.0059330996574121,0.0081967775340801,20.706775381606214,0.4772667741816818,0.9204430644932434,0.9259546996099695
10,O_beta_relative,WWRWWR75,0.001771380158463,0.0062977441398889,21.345251677538982,0.7812102598811697,0.9549500428047404,0.9615145456776121
10,O_beta_relative,ComplexityC1,0.0024540417964791,0.0046594804907277,25.7724975982628,0.6029218020682019,0.9456924076739364,0.9420380480854951
10,O_beta_relative,ExperienceGroupLow,0.0160998084240439,0.0234609247581363,22.55477095941941,0.4995566417513897,0.9410253019037805,0.9302089191232773
10,O_beta_relative,WWRWWR45:ComplexityC1,0.0019199840291855,0.0059132400070081,37.59545355936053,0.7472137542115053,0.9456924076739364,0.9498100731856677
10,O_beta_relative,WWRWWR75:ComplexityC1,-0.0104041099197011,0.0064903467193743,40.0068926233598,0.1167988422904867,0.6307137483686281,0.7186158052676244
10,O_beta_relative,WWRWWR45:ExperienceGroupLow,8.942597668459601e-05,0.0085474397775184,30.33747311637581,0.991720934749027,0.9917209347490271,0.9989306903642158
10,O_beta_relative,WWRWWR75:ExperienceGroupLow,0.0064012386525269,0.0060824510059962,31.995818775825104,0.3004944882606944,0.8181947982211032,0.8644220694212756
10,O_beta_relative,ComplexityC1:ExperienceGroupLow,0.00011840129824216956,0.0048043742009003,31.55812086557017,0.9804937184375228,0.9917209347490271,0.9989306903642158
10,P_theta_relative,WWRWWR45,0.0016165002995594,0.0030657484055331,20.706721857260195,0.6036050215091951,0.9456924076739364,0.9420380480854951
10,P_theta_relative,WWRWWR75,0.0074297359103062,0.0041698547595737,21.34530969569755,0.0890202428872708,0.6307137483686281,0.7186158052676244
10,P_theta_relative,ComplexityC1,0.0007707199891461637,0.0030370743871631,25.772287052411343,0.8016864556879302,0.9549500428047404,0.9764902693341706
10,P_theta_relative,ExperienceGroupLow,-0.00046951720165410674,0.0088014846057835,23.051698396929854,0.9579164624134924,0.9917209347490271,0.9989306903642158
10,P_theta_relative,WWRWWR45:ComplexityC1,0.004031892910212,0.0040475196302978,37.596449748656944,0.3255509149468818,0.8181947982211032,0.8917225993223874
10,P_theta_relative,WWRWWR75:ComplexityC1,-0.0003813588923186203,0.004133165884033,40.0087976424724,0.9269455916087046,0.9750986093546113,0.9989306903642158
10,P_theta_relative,WWRWWR45:ExperienceGroupLow,-0.0031072134197929,0.0031226198944025,30.337609952976955,0.3275750197879842,0.8181947982211032,0.8917225993223874
10,P_theta_relative,WWRWWR75:ExperienceGroupLow,-0.009257735306655,0.0043091519031649,31.995937510153407,0.039354743973489,0.6307137483686281,0.7186158052676244
10,P_theta_relative,ComplexityC1:ExperienceGroupLow,0.0004838802635943351,0.0027717553637895,31.5579100162603,0.862528477276268,0.9627429692245502,0.9857021528569829
10,P_alpha_relative,WWRWWR45,-0.0260612210644309,0.0114946974483541,20.70672281152249,0.0342126059595616,0.6307137483686281,0.7186158052676244
10,P_alpha_relative,WWRWWR75,-0.0087005040006946,0.0145703233839615,21.34530866434948,0.5566966054345576,0.9456924076739364,0.9420380480854951
10,P_alpha_relative,ComplexityC1,-0.0093335505706844,0.0088233073476381,25.77229078051809,0.299948226363017,0.8181947982211032,0.8644220694212756
10,P_alpha_relative,ExperienceGroupLow,0.0111100946680429,0.0293965795971676,23.043254898372496,0.7089354682903389,0.9456924076739364,0.9498100731856677
10,P_alpha_relative,WWRWWR45:ComplexityC1,0.0139494991929177,0.0085637886616307,37.59643230838916,0.1116875493060441,0.6307137483686281,0.7186158052676244
10,P_alpha_relative,WWRWWR75:ComplexityC1,-0.0024462028318732,0.0093059083039337,40.008764141086,0.7940031634881782,0.9549500428047404,0.9707812263025274
10,P_alpha_relative,WWRWWR45:ExperienceGroupLow,0.0198565862406057,0.01184127461878,30.33760753296302,0.1038390087806768,0.6307137483686281,0.7186158052676244
10,P_alpha_relative,WWRWWR75:ExperienceGroupLow,0.0069505881519045,0.0128249679456919,31.995935431577102,0.5916023996095701,0.9456924076739364,0.9420380480854951
10,P_alpha_relative,ComplexityC1:ExperienceGroupLow,-0.0003601749854528796,0.0099276823177093,31.55791375616461,0.971287726940422,0.9917209347490271,0.9989306903642158
10,F_alpha_relative,WWRWWR45,-0.0286511972323289,0.0190797628795362,20.706498591474585,0.1482833102701062,0.6672748962154779,0.7186158052676244
10,F_alpha_relative,WWRWWR75,-0.0147448611172063,0.0199535351542511,21.34554826660755,0.4679800044697337,0.9204430644932434,0.9245458624889861
10,F_alpha_relative,ComplexityC1,-0.004998262505632,0.0055015410171894,25.77143726048266,0.3720214963080561,0.8370483666931262,0.8936072465120245
10,F_alpha_relative,ExperienceGroupLow,-0.0222337258981755,0.0230176586028899,24.690679256948677,0.3434397918458952,0.8181947982211032,0.8917225993223874
10,F_alpha_relative,WWRWWR45:ComplexityC1,0.0085647621705909,0.0074157151064941,37.60024776948508,0.2553992217613985,0.8177562471106289,0.8337906833284844
10,F_alpha_relative,WWRWWR75:ComplexityC1,-0.0033506561224882,0.0071054040394333,40.016230729483006,0.6397987851531397,0.9456924076739364,0.9498100731856677
10,F_alpha_relative,WWRWWR45:ExperienceGroupLow,0.0269199651716178,0.0177022007510604,30.33815880867752,0.1386869460183184,0.6672748962154779,0.7186158052676244
10,F_alpha_relative,WWRWWR75:ExperienceGroupLow,0.017105986719634,0.0172280576591099,31.9963900122544,0.3282016332102513,0.8181947982211032,0.8917225993223874
10,F_alpha_relative,ComplexityC1:ExperienceGroupLow,0.0010742983934662,0.007016407324688,31.55705122211074,0.8792845750462875,0.9627429692245502,0.9857021528569829
10,F_beta_relative,WWRWWR45,-0.0029620369779456,0.0054356231101888,20.706781972499424,0.5916227382408714,0.9456924076739364,0.9420380480854951
10,F_beta_relative,WWRWWR75,-0.0008753527291269795,0.0060699773704957,21.34524450875143,0.8866873746045021,0.9627429692245502,0.9857021528569829
10,F_beta_relative,ComplexityC1,0.0007414991135831702,0.0045654158786439,25.77252373308342,0.8722445618527288,0.9627429692245502,0.9857021528569829
10,F_beta_relative,ExperienceGroupLow,0.0051546794953889,0.023315646148126,22.490132934695428,0.8270231383363685,0.9627429692245502,0.9857021528569829
10,F_beta_relative,WWRWWR45:ComplexityC1,0.0102674774360221,0.0052522869418176,37.595328285803234,0.0580654501249241,0.6307137483686281,0.7186158052676244
10,F_beta_relative,WWRWWR75:ComplexityC1,-0.0081445962511877,0.0063560549103154,40.00665427843375,0.2074336559414543,0.8177562471106289,0.7934004306439938
10,F_beta_relative,WWRWWR45:ExperienceGroupLow,0.0059391497868705,0.0061165504634552,30.337456107493384,0.3392284847765184,0.8181947982211032,0.8917225993223874
10,F_beta_relative,WWRWWR75:ExperienceGroupLow,0.0104250958508544,0.0069525331668251,31.99580384393253,0.1435557974479007,0.6672748962154779,0.7186158052676244
10,F_beta_relative,ComplexityC1:ExperienceGroupLow,0.0018933048804874,0.0045243860541324,31.558146987084267,0.6784401467278176,0.9456924076739364,0.9498100731856677
10,P_beta_relative,WWRWWR45,0.0018239861049113,0.0046648139385718,20.70678731300147,0.6997844387205274,0.9456924076739364,0.9498100731856677
10,P_beta_relative,WWRWWR75,-0.0043093134895015,0.0068936052347327,21.34523869593563,0.5385200710205413,0.9456924076739364,0.9420380480854951
10,P_beta_relative,ComplexityC1,-0.0044932927312653,0.0042855083381589,25.77254494443209,0.3041485059074859,0.8181947982211032,0.8644220694212756
10,P_beta_relative,ExperienceGroupLow,0.0123578857583687,0.0239276531423816,22.43717317236094,0.6105802163517098,0.9456924076739364,0.9420380480854951
10,P_beta_relative,WWRWWR45:ComplexityC1,0.0149303563620481,0.0060798655157151,37.59522634584874,0.0187995431272056,0.6307137483686281,0.7186158052676244
10,P_beta_relative,WWRWWR75:ComplexityC1,0.0020155617634712,0.006174913973225,40.0064605248736,0.7458146806283668,0.9456924076739364,0.9498100731856677
10,P_beta_relative,WWRWWR45:ExperienceGroupLow,0.0021711686415979,0.0058475284854017,30.33744229905729,0.7129969886188724,0.9456924076739364,0.9498100731856677
10,P_beta_relative,WWRWWR75:ExperienceGroupLow,0.005376750842747,0.0072964890197398,31.995791693174805,0.4665552413919053,0.9204430644932434,0.9245458624889861
10,P_beta_relative,ComplexityC1:ExperienceGroupLow,0.0004764499795973687,0.0044982258136507,31.5581681794611,0.91631661943068,0.9750986093546113,0.9989306903642158
15,O_theta_relative,WWRWWR45,0.0030782327597162,0.0044147251066072,20.70676423532493,0.493392083209799,0.8943896008882616,0.9275949452471351
15,O_theta_relative,WWRWWR75,0.0051912020151511,0.0031196379349816,21.345263788677958,0.1107176892202907,0.6403804269020058,0.7186158052676244
15,O_theta_relative,ComplexityC1,0.0042401304518072,0.0024068902889338,25.772453506347283,0.0899864433287328,0.6403804269020058,0.7186158052676244
15,O_theta_relative,ExperienceGroupLow,0.0066621086725931,0.0099730545719362,22.662304808193927,0.5108733244954491,0.8943896008882616,0.9350752641531156
15,O_theta_relative,WWRWWR45:ComplexityC1,0.0029804724306099,0.0031808071260887,37.59566409056518,0.3547301326339627,0.8943896008882616,0.8936072465120245
15,O_theta_relative,WWRWWR75:ComplexityC1,-0.0011018833276651,0.0034192301632928,40.007293784162606,0.7489332540391271,0.9143693988130682,0.9498100731856677
15,O_theta_relative,WWRWWR45:ExperienceGroupLow,-0.0018834638139534,0.0043829662233432,30.337501800207377,0.6704336526407593,0.8943896008882616,0.9498100731856677
15,O_theta_relative,WWRWWR75:ExperienceGroupLow,-0.0041262954657564,0.0032832940143878,31.99584386962325,0.2179402417509736,0.8331289655244458,0.7934004306439938
15,O_theta_relative,ComplexityC1:ExperienceGroupLow,1.9757265805210545e-05,0.0022140870382701,31.55807677079024,0.9929363950038655,0.9976018455272196,0.9989306903642158
15,F_theta_relative,WWRWWR45,0.0017228683740046,0.0041820182060828,20.706744488237167,0.6845945093218793,0.8943896008882616,0.9498100731856677
15,F_theta_relative,WWRWWR75,0.0045220119683705,0.0026575103408649,21.345285207292637,0.1033536577376448,0.6403804269020058,0.7186158052676244
15,F_theta_relative,ComplexityC1,0.0012678941891858,0.0021125977548486,25.77237571365017,0.5536414531210554,0.8943896008882616,0.9420380480854951
15,F_theta_relative,ExperienceGroupLow,0.0025796801672415,0.0088004637864362,22.847488678568453,0.772068695497417,0.9196700637542761,0.9584301047554141
15,F_theta_relative,WWRWWR45:ComplexityC1,0.0047463338540449,0.0034018033037987,37.59603305505623,0.1711311629802498,0.7295591684947492,0.7850977765121102
15,F_theta_relative,WWRWWR75:ComplexityC1,-0.0019222020989626,0.003105921253101,40.00799868381712,0.539501521362768,0.8943896008882616,0.9420380480854951
15,F_theta_relative,WWRWWR45:ExperienceGroupLow,-0.0021042852523677,0.0042355932213243,30.33755237192665,0.6229041761030025,0.8943896008882616,0.9483663001738425
15,F_theta_relative,WWRWWR75:ExperienceGroupLow,-0.0048004741220591,0.0029932180957172,31.9958878464394,0.1185889679448159,0.6403804269020058,0.7186158052676244
15,F_theta_relative,ComplexityC1:ExperienceGroupLow,0.0019130093669615,0.0023447508975591,31.5579988949684,0.420690804120772,0.8943896008882616,0.914188526870509
15,O_alpha_relative,WWRWWR45,-0.0396000635844171,0.0228327983158492,20.70637031935308,0.0977199942866204,0.6403804269020058,0.7186158052676244
15,O_alpha_relative,WWRWWR75,-0.0165544705516358,0.020616543428039,21.34568314783212,0.4308425903229551,0.8943896008882616,0.914188526870509
15,O_alpha_relative,ComplexityC1,-0.0108486991866306,0.0102242016836255,25.77096640694593,0.298496779843506,0.8943896008882616,0.8644220694212756
15,O_alpha_relative,ExperienceGroupLow,-0.0318640319430116,0.0248884252577274,25.39777484666109,0.2120184381562253,0.8331289655244458,0.7934004306439938
15,O_alpha_relative,WWRWWR45:ComplexityC1,0.010525347786038,0.0085561534402027,37.6022096785454,0.2262819412535532,0.8331289655244458,0.8146149885127915
15,O_alpha_relative,WWRWWR75:ComplexityC1,-0.0041827894852829,0.0100953105828508,40.020187953545424,0.6808449313928457,0.8943896008882616,0.9498100731856677
15,O_alpha_relative,WWRWWR45:ExperienceGroupLow,0.038120961477495,0.0210317225396254,30.338460541731617,0.0798091549741277,0.6403804269020058,0.7186158052676244
15,O_alpha_relative,WWRWWR75:ExperienceGroupLow,0.0189716249784336,0.0165734049345816,31.996623555369567,0.2608231394117186,0.8450669716939682,0.8337906833284844
15,O_alpha_relative,ComplexityC1:ExperienceGroupLow,0.0074023441682199,0.0114133273827673,31.5565697180671,0.5213083223344434,0.8943896008882616,0.9350752641531156
15,O_beta_relative,WWRWWR45,0.0061519508125545,0.0077944768756319,20.7067746166288,0.4388984539195898,0.8943896008882616,0.914188526870509
15,O_beta_relative,WWRWWR75,-0.0005657988821315361,0.0059989093182271,21.345252509234005,0.9257371513594236,0.9976018455272196,0.9989306903642158
15,O_beta_relative,ComplexityC1,5.729519924049304e-05,0.0046480905128595,25.772494567947057,0.9902599636374112,0.9976018455272196,0.9989306903642158
15,O_beta_relative,ExperienceGroupLow,0.0143818359121384,0.0233747144736178,22.562222140707284,0.5445309740165838,0.8943896008882616,0.9420380480854951
15,O_beta_relative,WWRWWR45:ComplexityC1,0.0048594986326428,0.0058995235902863,37.59546806137456,0.415299180237225,0.8943896008882616,0.914188526870509
15,O_beta_relative,WWRWWR75:ComplexityC1,-0.0076218758461181,0.0065231686396445,40.00692023212638,0.249548422693516,0.8450669716939682,0.8337906833284844
15,O_beta_relative,WWRWWR45:ExperienceGroupLow,0.0006426719887504962,0.0081173705494672,30.33747508820909,0.9374154102074802,0.9976018455272196,0.9989306903642158
15,O_beta_relative,WWRWWR75:ExperienceGroupLow,0.0100310505837619,0.0058500447049237,31.995820504373484,0.0960730679550107,0.6403804269020058,0.7186158052676244
15,O_beta_relative,ComplexityC1:ExperienceGroupLow,-0.00021699521586203245,0.0048084889840142,31.55811783607578,0.9642900137401652,0.9976018455272196,0.9989306903642158
15,P_theta_relative,WWRWWR45,0.0015787959045481,0.0031813193615677,20.70671935624622,0.6249303572890332,0.8943896008882616,0.9483663001738425
15,P_theta_relative,WWRWWR75,0.0083471321095225,0.0042668185402153,21.345312398234213,0.0636422940727462,0.6403804269020058,0.7186158052676244
15,P_theta_relative,ComplexityC1,0.0014590307088686,0.0029467614399843,25.77227728575394,0.6247033588494735,0.8943896008882616,0.9483663001738425
15,P_theta_relative,ExperienceGroupLow,0.0009781868523187063,0.0089848615939732,23.073759383404145,0.9142464282659296,0.9976018455272196,0.9989306903642158
15,P_theta_relative,WWRWWR45:ComplexityC1,0.0016901742693701,0.0039390328230347,37.596495403927214,0.6703112528490245,0.8943896008882616,0.9498100731856677
15,P_theta_relative,WWRWWR75:ComplexityC1,-0.0015516955020147,0.0040497579890582,40.00888536841876,0.7036312803090139,0.9046687889687322,0.9498100731856677
15,P_theta_relative,WWRWWR45:ExperienceGroupLow,-0.0024975222587941,0.0030870597441286,30.337616292275044,0.4247979320799386,0.8943896008882616,0.914188526870509
15,P_theta_relative,WWRWWR75:ExperienceGroupLow,-0.0101600263483704,0.0044883501479343,31.99594295144718,0.0305130523901011,0.6403804269020058,0.7186158052676244
15,P_theta_relative,ComplexityC1:ExperienceGroupLow,-1.8315912382532965e-05,0.0026832464786071,31.55790021758773,0.9945966302311308,0.9976018455272196,0.9989306903642158
15,P_alpha_relative,WWRWWR45,-0.027318509900411,0.0123650982991594,20.70671723035137,0.0385611243607709,0.6403804269020058,0.7186158052676244
15,P_alpha_relative,WWRWWR75,-0.0100125935802043,0.0156630047363324,21.34531469484608,0.529460715936618,0.8943896008882616,0.9420380480854951
15,P_alpha_relative,ComplexityC1,-0.008984633339184,0.0091411487062961,25.772268988836835,0.3348051556609277,0.8943896008882616,0.8917225993223874
15,P_alpha_relative,ExperienceGroupLow,0.0110366605764512,0.0306538190586588,23.09243392138564,0.7220878311247784,0.9138924112672976,0.9498100731856677
15,P_alpha_relative,WWRWWR45:ComplexityC1,0.0144099834788811,0.0086977841650598,37.59653415053829,0.1058951810855703,0.6403804269020058,0.7186158052676244
15,P_alpha_relative,WWRWWR75:ComplexityC1,-0.003087799690458,0.0098829147498084,40.00895984875762,0.7563302434626613,0.9143693988130682,0.9498100731856677
15,P_alpha_relative,WWRWWR45:ExperienceGroupLow,0.0204359347011222,0.0126212488399493,30.337621677031024,0.1157615918513996,0.6403804269020058,0.7186158052676244
15,P_alpha_relative,WWRWWR75:ExperienceGroupLow,0.0071332122182875,0.0136920444907795,31.99594756932914,0.6059714056033294,0.8943896008882616,0.9420380480854951
15,P_alpha_relative,ComplexityC1:ExperienceGroupLow,-0.00012706915024414414,0.0103413935272748,31.55789189221113,0.9902736484166136,0.9976018455272196,0.9989306903642158
15,F_alpha_relative,WWRWWR45,-0.0295971638819096,0.0198393824175894,20.70648504365933,0.1508206011055508,0.6786927049749786,0.7186158052676244
15,F_alpha_relative,WWRWWR75,-0.0141710843914295,0.0204003680514178,21.345562582089777,0.494767962750669,0.8943896008882616,0.9275949452471351
15,F_alpha_relative,ComplexityC1,-0.0031680311419846,0.0058290190847427,25.771386989290107,0.5914611867674766,0.8943896008882616,0.9420380480854951
15,F_alpha_relative,ExperienceGroupLow,-0.021592599293535,0.0236854251884915,24.772100934604964,0.3707445422037789,0.8943896008882616,0.8936072465120245
15,F_alpha_relative,WWRWWR45:ComplexityC1,0.0082266914184372,0.0078632879251439,37.60046187358155,0.3021409584364837,0.8943896008882616,0.8644220694212756
15,F_alpha_relative,WWRWWR75:ComplexityC1,-0.0053301062813673,0.0073865697402051,40.016658431059845,0.4747393593969257,0.8943896008882616,0.9259546996099695
15,F_alpha_relative,WWRWWR45:ExperienceGroupLow,0.0279089628821982,0.0183009937066228,30.338191104436515,0.1376179411588474,0.6597850909545055,0.7186158052676244
15,F_alpha_relative,WWRWWR75:ExperienceGroupLow,0.0158719572909406,0.0173446651004464,31.996415507695072,0.3669888247890589,0.8943896008882616,0.8936072465120245
15,F_alpha_relative,ComplexityC1:ExperienceGroupLow,-0.0011067728270146,0.007631479015785,31.55700001164576,0.8856116538502002,0.9963131105814753,0.9857021528569829
15,F_beta_relative,WWRWWR45,-0.0023303612918487,0.0050297470423203,20.706782299678853,0.6479708648833746,0.8943896008882616,0.9498100731856677
15,F_beta_relative,WWRWWR75,-0.0027146236431154,0.005912396777547,21.34524415274105,0.6507743751773927,0.8943896008882616,0.9498100731856677
15,F_beta_relative,ComplexityC1,-0.001471826939735,0.004315184119366,25.77252503167441,0.7358077364542084,0.9143693988130682,0.9498100731856677
15,F_beta_relative,ExperienceGroupLow,0.0045347150767196,0.0232566354609041,22.486903552831947,0.8471550171968986,0.9802793770421254,0.9857021528569829
15,F_beta_relative,WWRWWR45:ComplexityC1,0.0131090203116649,0.0054396594030876,37.59532205175423,0.0209615778561958,0.6403804269020058,0.7186158052676244
15,F_beta_relative,WWRWWR75:ComplexityC1,-0.005634958178145,0.0062745981544806,40.00664242453997,0.3745273734340509,0.8943896008882616,0.8936072465120245
15,F_beta_relative,WWRWWR45:ExperienceGroupLow,0.0064259774261496,0.0055733494699594,30.337455262218857,0.25792125307446,0.8450669716939682,0.8337906833284844
15,F_beta_relative,WWRWWR75:ExperienceGroupLow,0.0138328221102351,0.0067676109789365,31.995803100865874,0.0492603130213955,0.6403804269020058,0.7186158052676244
15,F_beta_relative,ComplexityC1:ExperienceGroupLow,0.0008476944639256353,0.0042597384154893,31.558148284723824,0.8435381432735019,0.9802793770421254,0.9857021528569829
15,P_beta_relative,WWRWWR45,0.0036351884166443,0.0047919086125772,20.706785251388627,0.4566347233172546,0.8943896008882616,0.914188526870509
15,P_beta_relative,WWRWWR75,-0.0055665289499572,0.006937819408185,21.34524094030977,0.4311961028987877,0.8943896008882616,0.914188526870509
15,P_beta_relative,ComplexityC1,-0.0066550779288284,0.0043528787667905,25.77253675243907,0.1384734141509456,0.6597850909545055,0.7186158052676244
15,P_beta_relative,ExperienceGroupLow,0.0131605733092229,0.0237534198491262,22.45767993622984,0.5850202017394619,0.8943896008882616,0.9420380480854951
15,P_beta_relative,WWRWWR45:ComplexityC1,0.0173311481116956,0.0064330665832387,37.59526574422552,0.0104889693032472,0.6403804269020058,0.7186158052676244
15,P_beta_relative,WWRWWR75:ComplexityC1,0.0028361892508896,0.0063810112871396,40.006535387039335,0.6590956757204364,0.8943896008882616,0.9498100731856677
15,P_beta_relative,WWRWWR45:ExperienceGroupLow,1.735110595144586e-05,0.0057254702863727,30.33744763239148,0.9976018455272196,0.9976018455272196,0.9989306903642158
15,P_beta_relative,WWRWWR75:ExperienceGroupLow,0.0065965059449034,0.0074205678440587,31.995796389283715,0.3806653506292702,0.8943896008882616,0.8996966119826763
15,P_beta_relative,ComplexityC1:ExperienceGroupLow,0.0007090203029645209,0.0045735601892213,31.558159995661125,0.8777881944058852,0.9963131105814753,0.9857021528569829
