onset_trim_s,outcome,term,estimate,cr2_se,df,p_cr2,family,p_BH_within_window,p_BH_parallel,ci_low,ci_high
0,O_alpha_relative,Block,0.0246621700769238,0.0067759091131844,40.25969944046399,0.0007690967676919,broader_temporal_72,0.0053760184233838,0.0046080157914718,0.010970298216859072,0.038354041936988534
0,P_alpha_relative,Block,0.0256532598479709,0.0045766064739627,40.24425643205876,1.663804152177778e-06,broader_temporal_72,2.9948474739200004e-05,6.464929717017575e-05,0.01640534161089966,0.03490117808504214
0,F_alpha_relative,Block,0.0219884641630798,0.0061297370007459,40.25429527024325,0.0008960030705639,broader_temporal_72,0.0053760184233838,0.0046080157914718,0.009602241030171018,0.03437468729598858
5,O_alpha_relative,Block,0.0263488685587539,0.007111747272225,40.26004460848779,0.0006353695894481,broader_temporal_72,0.0039613469694187,0.004466020862713,0.011978382636728343,0.04071935448077946
5,P_alpha_relative,Block,0.0267411089542909,0.0048200864733721,40.24441186557172,2.003878908563149e-06,broader_temporal_72,3.606982035413668e-05,6.464929717017575e-05,0.01700119346766807,0.03648102444091373
5,F_alpha_relative,Block,0.0236901162220598,0.0064362927396623,40.25440354399241,0.0006823087429144,broader_temporal_72,0.0039613469694187,0.004466020862713,0.010684443812896032,0.036695788631223566
10,O_alpha_relative,Block,0.0284122547980681,0.0074430997829581,40.26033371559927,0.000456109067866,broader_temporal_72,0.0024846276097779,0.004466020862713,0.013372218533285707,0.04345229106285049
10,P_alpha_relative,Block,0.0283775217207341,0.0052008177669368,40.24465303577398,2.6937207154239896e-06,broader_temporal_72,4.848697287763181e-05,6.464929717017575e-05,0.01786826708510565,0.03888677635636255
10,F_alpha_relative,Block,0.0254959285296898,0.0067939624291365,40.25513516174619,0.0005521394688395,broader_temporal_72,0.0024846276097779,0.004466020862713,0.011767528721231761,0.03922432833814784
15,O_alpha_relative,Block,0.0295779339805868,0.0079641210301694,40.26068722182186,0.000618933046896,broader_temporal_72,0.0040849339278241,0.004466020862713,0.013485090936696979,0.045670777024476625
15,P_alpha_relative,Block,0.0292793009057906,0.0055895846138786,40.24492784146087,5.443258726237988e-06,broader_temporal_72,9.797865707228378e-05,9.797865707228378e-05,0.01798447031752566,0.04057413149405554
15,F_alpha_relative,Block,0.0269232164380429,0.0073132235865819,40.25573538389301,0.000680822321304,broader_temporal_72,0.0040849339278241,0.004466020862713,0.012145564661874901,0.0417008682142109
0,log10_O_alpha_absolute,Block,0.1187961554667175,0.0235809484009032,40.24451290234831,1.0352574493176164e-05,broader_log10_absolute_temporal_72,9.317317043858548e-05,0.0001486304235769,0.0711462994032745,0.1664460115301605
0,log10_O_alpha_absolute,PositionWithinBlockCentered,0.0193961374572475,0.0061952251747077,35.80360418702306,0.0034625192599548,broader_log10_absolute_temporal_72,0.0103875577798644,0.0108835984888801,0.006829244988486319,0.03196302992600868
0,log10_P_alpha_absolute,Block,0.1119643271491177,0.0193463804864627,40.24319746133756,9.222490943180356e-07,broader_log10_absolute_temporal_72,1.6600483697724642e-05,1.6600483697724642e-05,0.07287119303766058,0.15105746126057484
0,log10_P_alpha_absolute,PositionWithinBlockCentered,0.0193004078073611,0.0058893111486028,35.80211761390128,0.0023353381105553,broader_log10_absolute_temporal_72,0.008407217197999,0.008407217197999,0.0073540386052066906,0.03124677700951551
0,log10_F_alpha_absolute,Block,0.1107600722759495,0.0235545760442987,40.24970022672294,3.0071342636345187e-05,broader_log10_absolute_temporal_72,0.000180428055818,0.000180428055818,0.0631636965342578,0.1583564480176412
0,log10_F_alpha_absolute,PositionWithinBlockCentered,0.0175391689183788,0.0047256648381472,35.80944672435539,0.0006968698907499,broader_log10_absolute_temporal_72,0.0031359145083749,0.0030790676296872,0.00795330531385052,0.027125032522907083
5,log10_O_alpha_absolute,Block,0.1181308770964141,0.0237130425380048,40.24461185220101,1.23858686314158e-05,broader_log10_absolute_temporal_72,0.0001114728176827,0.0001486304235769,0.07021410298908592,0.16604765120374226
5,log10_O_alpha_absolute,PositionWithinBlockCentered,0.0199836128593969,0.006276330578324,35.80371592836851,0.003003778099909,broader_log10_absolute_temporal_72,0.009011334299727,0.0102986677711165,0.007252201061402954,0.032715024657390845
5,log10_P_alpha_absolute,Block,0.1060661558436352,0.017476867877618,40.24301695311811,3.697097210429018e-07,broader_log10_absolute_temporal_72,6.654774978772232e-06,9.062030013132598e-06,0.07075073158971684,0.14138158009755356
5,log10_P_alpha_absolute,PositionWithinBlockCentered,0.0184292555815446,0.0048607770226007,35.80191346551966,0.0005547074618546,broader_log10_absolute_temporal_72,0.0024961835783458,0.0026625958169021,0.00856924869468286,0.028289262468406337
5,log10_F_alpha_absolute,Block,0.1096214186193505,0.0230870042366219,40.24933600151929,2.601039822195055e-05,broader_log10_absolute_temporal_72,0.0001560623893317,0.0001702498792709,0.06296984509469243,0.15627299214400858
5,log10_F_alpha_absolute,PositionWithinBlockCentered,0.0176918941825672,0.004798871934594,35.80903751743015,0.0007477735065375,broader_log10_absolute_temporal_72,0.0026919846235351,0.0030790676296872,0.007957528384475155,0.027426259980659246
10,log10_O_alpha_absolute,Block,0.1190770027036187,0.024234412990444,40.24468946541949,1.539133837312899e-05,broader_log10_absolute_temporal_72,0.0001385220453581,0.0001583109089807,0.07010670200511973,0.16804730340211768
10,log10_O_alpha_absolute,PositionWithinBlockCentered,0.019883449431508,0.0063539919720106,35.80380356687075,0.0034767050728367,broader_log10_absolute_temporal_72,0.0104301152185101,0.0108835984888801,0.006994504142060855,0.032772394720955146
10,log10_P_alpha_absolute,Block,0.1017696632887592,0.0167618514526886,40.242884850784286,3.6665412946528373e-07,broader_log10_absolute_temporal_72,6.5997743303751074e-06,9.062030013132598e-06,0.06789906590071368,0.1356402606768047
10,log10_P_alpha_absolute,PositionWithinBlockCentered,0.0182345040495071,0.0044654455601809,35.80176403847339,0.000237841188583,broader_log10_absolute_temporal_72,0.0010702853486237,0.0013172742752292,0.009176419264126464,0.027292588834887735
10,log10_F_alpha_absolute,Block,0.1091140390157622,0.0229439402113739,40.24896177322333,2.540147204213635e-05,broader_log10_absolute_temporal_72,0.0001524088322528,0.0001702498792709,0.06275153954277157,0.1554765384887528
10,log10_F_alpha_absolute,PositionWithinBlockCentered,0.0177026849612226,0.0048151319363505,35.80861691081025,0.0007697669074218,broader_log10_absolute_temporal_72,0.0027711608667185,0.0030790676296872,0.00793533223847265,0.027470037683972555
15,log10_O_alpha_absolute,Block,0.1211949868834593,0.0252586763587494,40.24486193813832,2.220858868331053e-05,broader_log10_absolute_temporal_72,0.0001351224039568,0.0001702498792709,0.07015497147527752,0.17223500229164107
15,log10_O_alpha_absolute,PositionWithinBlockCentered,0.0193591175272912,0.0063533705449965,35.80399829276943,0.0043226326471318,broader_log10_absolute_temporal_72,0.0129678979413954,0.0129678979413954,0.006471435237598038,0.03224679981698436
15,log10_P_alpha_absolute,Block,0.1038706980505728,0.0171334366451383,40.24298402353404,3.775845838805249e-07,broader_log10_absolute_temporal_72,6.796522509849448e-06,9.062030013132598e-06,0.06924924278668369,0.1384921533144619
15,log10_P_alpha_absolute,PositionWithinBlockCentered,0.018149191338041,0.0044839335767758,35.80187621924541,0.0002641651888997,broader_log10_absolute_temporal_72,0.0011887433500488,0.0013585638286272,0.009053604902403214,0.027244777773678786
15,log10_F_alpha_absolute,Block,0.1123543870196627,0.02343796251933,40.24889144163301,2.252040065947949e-05,broader_log10_absolute_temporal_72,0.0001351224039568,0.0001702498792709,0.06499362100859155,0.15971515303073386
15,log10_F_alpha_absolute,PositionWithinBlockCentered,0.0170681586126806,0.00473401403978,35.808537844749424,0.0009410116590249,broader_log10_absolute_temporal_72,0.0033876419724897,0.0035659389184102,0.007465350403730609,0.026670966821630594
0,O_theta_relative,Block,-0.004529945416424,0.0014743893862576,40.24211195797588,0.0037995274938698,broader_temporal_72,0.0113985824816094,0.011894173024288,-0.007509239149433385,-0.0015506516834146145
0,F_theta_relative,Block,-0.0057684988381949,0.0016647895570572,40.2428791162726,0.0012737923478925,broader_temporal_72,0.005679442329822,0.0057320655655162,-0.009132531578301527,-0.0024044660980882724
0,P_theta_relative,Block,-0.0060187595407009,0.0021711790533753,40.2441054141461,0.0083952102803693,broader_temporal_72,0.0215876835780924,0.0223872274143181,-0.010406047110720469,-0.0016314719706813311
5,O_theta_relative,Block,-0.0047801509111462,0.0015131180574586,40.24221381829072,0.0030001234028875,broader_temporal_72,0.0090003702086625,0.0098185856821772,-0.007837703301758097,-0.0017225985205343024
5,F_theta_relative,Block,-0.0061567901824062,0.001713381456236,40.24327410748388,0.0008802993265375,broader_temporal_72,0.0039613469694187,0.0046080157914718,-0.009619011301773346,-0.002694569063039053
5,P_theta_relative,Block,-0.0062426185160734,0.0022233714764602,40.244892182485984,0.0076583176385266,broader_temporal_72,0.0196928167847826,0.0223872274143181,-0.01073536826134661,-0.001749868770800191
10,O_theta_relative,Block,-0.005409812179335,0.0016172923457558,40.24235365463571,0.0017901978485907,broader_temporal_72,0.0064447122549265,0.0071607913943628,-0.008677868840060374,-0.0021417555186096266
10,F_theta_relative,Block,-0.0066902056524195,0.0017001213782917,40.24328756818978,0.0003209747082224,broader_temporal_72,0.0024846276097779,0.004466020862713,-0.010125632164733667,-0.0032547791401053325
10,P_theta_relative,Block,-0.0068201931317794,0.002081644516745,40.244700077313134,0.0021695565779908,broader_temporal_72,0.0065086697339724,0.0078104036807668,-0.011026556914574832,-0.002613829348983969
15,O_theta_relative,Block,-0.0054794362704906,0.0017188899509354,40.24258838192383,0.0027731034283923,broader_temporal_72,0.0099831723422122,0.0095077831830593,-0.008952790209016171,-0.0020060823319650303
15,F_theta_relative,Block,-0.0064203038726874,0.0018473269278754,40.24357819710807,0.0012362719806105,broader_temporal_72,0.0055632239127472,0.0057320655655162,-0.010153187046308097,-0.0026874206990667032
15,P_theta_relative,Block,-0.0059886932910837,0.0021394984369176,40.24482325900314,0.0078308618781771,broader_temporal_72,0.0234925856345313,0.0223872274143181,-0.01031196165574011,-0.0016654249264272912
