outcome,model,term,estimate,std.error,df,p.value,onset_trim_s,source_file,p_fdr_bh_window,p_fdr_bh_parallel,detected_raw_0_05,detected_window_fdr_0_05,detected_parallel_fdr_0_05,interpretation
O_theta_relative,PreviousScene,PreviousWWRWWR45,-0.0001552870914702,0.0016613457454496,38.2415357743591,0.926017658926172,0.0,E:\26\补\数据分析结果\teacher_runs\teacher_parallel_20260804\06_eeg_primary\onset_window_models\trim_0s\09_eeg_order_CR2.csv,0.926017658926172,0.9885143808241185,False,False,False,not_detected_after_four_window_joint_fdr
O_theta_relative,PreviousScene,PreviousWWRWWR75,0.0011252291688327,0.0013271871199537,37.3235592976064,0.401937048770663,0.0,E:\26\补\数据分析结果\teacher_runs\teacher_parallel_20260804\06_eeg_primary\onset_window_models\trim_0s\09_eeg_order_CR2.csv,0.926017658926172,0.8936963689298898,False,False,False,not_detected_after_four_window_joint_fdr
O_theta_relative,PreviousScene,PreviousComplexityC1,-0.0014849402497049,0.0029584047109062,24.519987402119,0.620187640873105,0.0,E:\26\补\数据分析结果\teacher_runs\teacher_parallel_20260804\06_eeg_primary\onset_window_models\trim_0s\09_eeg_order_CR2.csv,0.926017658926172,0.9661732091437641,False,False,False,not_detected_after_four_window_joint_fdr
F_theta_relative,PreviousScene,PreviousWWRWWR45,0.0002947139727728,0.0016854891685893,38.2423811950973,0.862117081815535,0.0,E:\26\补\数据分析结果\teacher_runs\teacher_parallel_20260804\06_eeg_primary\onset_window_models\trim_0s\09_eeg_order_CR2.csv,0.926017658926172,0.9885143808241185,False,False,False,not_detected_after_four_window_joint_fdr
F_theta_relative,PreviousScene,PreviousWWRWWR75,-0.0005170978130987,0.0012897575953616,37.3249249805439,0.690760322300724,0.0,E:\26\补\数据分析结果\teacher_runs\teacher_parallel_20260804\06_eeg_primary\onset_window_models\trim_0s\09_eeg_order_CR2.csv,0.926017658926172,0.980124344053543,False,False,False,not_detected_after_four_window_joint_fdr
F_theta_relative,PreviousScene,PreviousComplexityC1,-0.0049048703736387,0.0028206352517155,24.5206525950501,0.094590109119933,0.0,E:\26\补\数据分析结果\teacher_runs\teacher_parallel_20260804\06_eeg_primary\onset_window_models\trim_0s\09_eeg_order_CR2.csv,0.926017658926172,0.8071868110799679,False,False,False,not_detected_after_four_window_joint_fdr
O_alpha_relative,PreviousScene,PreviousWWRWWR45,-0.0050362784860753,0.0056892061638979,38.2635565843764,0.381559849298472,0.0,E:\26\补\数据分析结果\teacher_runs\teacher_parallel_20260804\06_eeg_primary\onset_window_models\trim_0s\09_eeg_order_CR2.csv,0.926017658926172,0.8936963689298898,False,False,False,not_detected_after_four_window_joint_fdr
O_alpha_relative,PreviousScene,PreviousWWRWWR75,-0.0037577449790576,0.0037211198235121,37.359159069173,0.319066824020362,0.0,E:\26\补\数据分析结果\teacher_runs\teacher_parallel_20260804\06_eeg_primary\onset_window_models\trim_0s\09_eeg_order_CR2.csv,0.926017658926172,0.8936963689298898,False,False,False,not_detected_after_four_window_joint_fdr
O_alpha_relative,PreviousScene,PreviousComplexityC1,0.0023717013060002,0.0059047315340387,24.5372566588705,0.691410432655467,0.0,E:\26\补\数据分析结果\teacher_runs\teacher_parallel_20260804\06_eeg_primary\onset_window_models\trim_0s\09_eeg_order_CR2.csv,0.926017658926172,0.980124344053543,False,False,False,not_detected_after_four_window_joint_fdr
O_beta_relative,PreviousScene,PreviousWWRWWR45,-0.0006729103509265,0.0032225998469434,38.2407810647962,0.835705043310724,0.0,E:\26\补\数据分析结果\teacher_runs\teacher_parallel_20260804\06_eeg_primary\onset_window_models\trim_0s\09_eeg_order_CR2.csv,0.926017658926172,0.9885143808241185,False,False,False,not_detected_after_four_window_joint_fdr
O_beta_relative,PreviousScene,PreviousWWRWWR75,0.0023359544112277,0.0033665602594965,37.3223402334574,0.492060269658179,0.0,E:\26\补\数据分析结果\teacher_runs\teacher_parallel_20260804\06_eeg_primary\onset_window_models\trim_0s\09_eeg_order_CR2.csv,0.926017658926172,0.8936963689298898,False,False,False,not_detected_after_four_window_joint_fdr
O_beta_relative,PreviousScene,PreviousComplexityC1,0.0011069373620945,0.006531863682428,24.519393477482,0.866819491525391,0.0,E:\26\补\数据分析结果\teacher_runs\teacher_parallel_20260804\06_eeg_primary\onset_window_models\trim_0s\09_eeg_order_CR2.csv,0.926017658926172,0.9885143808241185,False,False,False,not_detected_after_four_window_joint_fdr
O_theta_relative,PreviousScene,PreviousWWRWWR45,0.0003633745663403,0.0016438070544965,38.2415895554852,0.826224368096718,5.0,E:\26\补\数据分析结果\teacher_runs\teacher_parallel_20260804\06_eeg_primary\onset_window_models\trim_5s\09_eeg_order_CR2.csv,0.933688611422054,0.9885143808241185,False,False,False,not_detected_after_four_window_joint_fdr
O_theta_relative,PreviousScene,PreviousWWRWWR75,0.0013565153235864,0.0014261676763536,37.323646172039,0.347641711383351,5.0,E:\26\补\数据分析结果\teacher_runs\teacher_parallel_20260804\06_eeg_primary\onset_window_models\trim_5s\09_eeg_order_CR2.csv,0.933688611422054,0.8936963689298898,False,False,False,not_detected_after_four_window_joint_fdr
O_theta_relative,PreviousScene,PreviousComplexityC1,-0.0017044170455752,0.002751503765979,24.5200297218727,0.541334104797081,5.0,E:\26\补\数据分析结果\teacher_runs\teacher_parallel_20260804\06_eeg_primary\onset_window_models\trim_5s\09_eeg_order_CR2.csv,0.933688611422054,0.9192929461546925,False,False,False,not_detected_after_four_window_joint_fdr
F_theta_relative,PreviousScene,PreviousWWRWWR45,0.0004074192046625,0.0016835262998422,38.2427333533714,0.810070551728776,5.0,E:\26\补\数据分析结果\teacher_runs\teacher_parallel_20260804\06_eeg_primary\onset_window_models\trim_5s\09_eeg_order_CR2.csv,0.933688611422054,0.9885143808241185,False,False,False,not_detected_after_four_window_joint_fdr
F_theta_relative,PreviousScene,PreviousWWRWWR75,-0.0007940441828569,0.0016063817545496,37.3254938822519,0.623986864238681,5.0,E:\26\补\数据分析结果\teacher_runs\teacher_parallel_20260804\06_eeg_primary\onset_window_models\trim_5s\09_eeg_order_CR2.csv,0.933688611422054,0.9661732091437641,False,False,False,not_detected_after_four_window_joint_fdr
F_theta_relative,PreviousScene,PreviousComplexityC1,-0.0053849905964556,0.0028301852622891,24.5209296418988,0.0688860896427871,5.0,E:\26\补\数据分析结果\teacher_runs\teacher_parallel_20260804\06_eeg_primary\onset_window_models\trim_5s\09_eeg_order_CR2.csv,0.8266330757134452,0.8071868110799679,False,False,False,not_detected_after_four_window_joint_fdr
O_alpha_relative,PreviousScene,PreviousWWRWWR45,-0.004491434943263,0.0058754787377084,38.2637055708415,0.449295516192848,5.0,E:\26\补\数据分析结果\teacher_runs\teacher_parallel_20260804\06_eeg_primary\onset_window_models\trim_5s\09_eeg_order_CR2.csv,0.933688611422054,0.8936963689298898,False,False,False,not_detected_after_four_window_joint_fdr
O_alpha_relative,PreviousScene,PreviousWWRWWR75,-0.0037765095181662,0.0039334785939499,37.359400087735,0.343180731070428,5.0,E:\26\补\数据分析结果\teacher_runs\teacher_parallel_20260804\06_eeg_primary\onset_window_models\trim_5s\09_eeg_order_CR2.csv,0.933688611422054,0.8936963689298898,False,False,False,not_detected_after_four_window_joint_fdr
O_alpha_relative,PreviousScene,PreviousComplexityC1,0.003767414428857,0.0063014102071155,24.5373729788757,0.55540615496846,5.0,E:\26\补\数据分析结果\teacher_runs\teacher_parallel_20260804\06_eeg_primary\onset_window_models\trim_5s\09_eeg_order_CR2.csv,0.933688611422054,0.9192929461546925,False,False,False,not_detected_after_four_window_joint_fdr
O_beta_relative,PreviousScene,PreviousWWRWWR45,0.0002754227536013,0.0032884567443923,38.2409520955818,0.933688611422054,5.0,E:\26\补\数据分析结果\teacher_runs\teacher_parallel_20260804\06_eeg_primary\onset_window_models\trim_5s\09_eeg_order_CR2.csv,0.933688611422054,0.9885143808241185,False,False,False,not_detected_after_four_window_joint_fdr
O_beta_relative,PreviousScene,PreviousWWRWWR75,0.0027566416435422,0.0035681320954798,37.3226164882632,0.44464040872218,5.0,E:\26\补\数据分析结果\teacher_runs\teacher_parallel_20260804\06_eeg_primary\onset_window_models\trim_5s\09_eeg_order_CR2.csv,0.933688611422054,0.8936963689298898,False,False,False,not_detected_after_four_window_joint_fdr
O_beta_relative,PreviousScene,PreviousComplexityC1,-0.00074600705011,0.006340589014602,24.5195280799678,0.907298897630368,5.0,E:\26\补\数据分析结果\teacher_runs\teacher_parallel_20260804\06_eeg_primary\onset_window_models\trim_5s\09_eeg_order_CR2.csv,0.933688611422054,0.9885143808241185,False,False,False,not_detected_after_four_window_joint_fdr
O_theta_relative,PreviousScene,PreviousWWRWWR45,0.0016881032323592,0.0017898746198565,38.2416941428991,0.351529658684079,10.0,E:\26\补\数据分析结果\teacher_runs\teacher_parallel_20260804\06_eeg_primary\onset_window_models\trim_10s\09_eeg_order_CR2.csv,0.6702722766974173,0.8936963689298898,False,False,False,not_detected_after_four_window_joint_fdr
O_theta_relative,PreviousScene,PreviousWWRWWR75,0.0030895568935248,0.0014846443211258,37.3238151167145,0.0443488001313611,10.0,E:\26\补\数据分析结果\teacher_runs\teacher_parallel_20260804\06_eeg_primary\onset_window_models\trim_10s\09_eeg_order_CR2.csv,0.5321856015763332,0.8071868110799679,True,False,False,not_detected_after_four_window_joint_fdr
O_theta_relative,PreviousScene,PreviousComplexityC1,0.0001253502008642,0.0027178374685457,24.5201120190712,0.963587149661305,10.0,E:\26\补\数据分析结果\teacher_runs\teacher_parallel_20260804\06_eeg_primary\onset_window_models\trim_10s\09_eeg_order_CR2.csv,0.967920331223616,0.9885143808241185,False,False,False,not_detected_after_four_window_joint_fdr
F_theta_relative,PreviousScene,PreviousWWRWWR45,0.0021215665231127,0.0017688005752422,38.2424632015367,0.237736543336921,10.0,E:\26\补\数据分析结果\teacher_runs\teacher_parallel_20260804\06_eeg_primary\onset_window_models\trim_10s\09_eeg_order_CR2.csv,0.6702722766974173,0.8936963689298898,False,False,False,not_detected_after_four_window_joint_fdr
F_theta_relative,PreviousScene,PreviousWWRWWR75,0.0015855652438192,0.0014341139250285,37.3250574580938,0.275972690670891,10.0,E:\26\补\数据分析结果\teacher_runs\teacher_parallel_20260804\06_eeg_primary\onset_window_models\trim_10s\09_eeg_order_CR2.csv,0.6702722766974173,0.8936963689298898,False,False,False,not_detected_after_four_window_joint_fdr
F_theta_relative,PreviousScene,PreviousComplexityC1,-0.0031751296641829,0.002794915660118,24.5207171124545,0.266922491044361,10.0,E:\26\补\数据分析结果\teacher_runs\teacher_parallel_20260804\06_eeg_primary\onset_window_models\trim_10s\09_eeg_order_CR2.csv,0.6702722766974173,0.8936963689298898,False,False,False,not_detected_after_four_window_joint_fdr
O_alpha_relative,PreviousScene,PreviousWWRWWR45,-0.0051393972805823,0.0060873733485349,38.2637914043192,0.403765355782834,10.0,E:\26\补\数据分析结果\teacher_runs\teacher_parallel_20260804\06_eeg_primary\onset_window_models\trim_10s\09_eeg_order_CR2.csv,0.6702722766974173,0.8936963689298898,False,False,False,not_detected_after_four_window_joint_fdr
O_alpha_relative,PreviousScene,PreviousWWRWWR75,-0.003250676859632,0.0041661850682452,37.3595389431286,0.440157906100082,10.0,E:\26\补\数据分析结果\teacher_runs\teacher_parallel_20260804\06_eeg_primary\onset_window_models\trim_10s\09_eeg_order_CR2.csv,0.6702722766974173,0.8936963689298898,False,False,False,not_detected_after_four_window_joint_fdr
O_alpha_relative,PreviousScene,PreviousComplexityC1,0.004686115716588,0.0066498420893149,24.5374399887673,0.487634997469548,10.0,E:\26\补\数据分析结果\teacher_runs\teacher_parallel_20260804\06_eeg_primary\onset_window_models\trim_10s\09_eeg_order_CR2.csv,0.6702722766974173,0.8936963689298898,False,False,False,not_detected_after_four_window_joint_fdr
O_beta_relative,PreviousScene,PreviousWWRWWR45,-0.002450931864309,0.00362218633522,38.2410199079488,0.502704207523063,10.0,E:\26\补\数据分析结果\teacher_runs\teacher_parallel_20260804\06_eeg_primary\onset_window_models\trim_10s\09_eeg_order_CR2.csv,0.6702722766974173,0.8936963689298898,False,False,False,not_detected_after_four_window_joint_fdr
O_beta_relative,PreviousScene,PreviousWWRWWR75,0.0010840777299178,0.0040264823373234,37.3227260222856,0.789230254686884,10.0,E:\26\补\数据分析结果\teacher_runs\teacher_parallel_20260804\06_eeg_primary\onset_window_models\trim_10s\09_eeg_order_CR2.csv,0.9470763056242608,0.9885143808241185,False,False,False,not_detected_after_four_window_joint_fdr
O_beta_relative,PreviousScene,PreviousComplexityC1,-0.000259830676174,0.0063951311532328,24.5195814474388,0.967920331223616,10.0,E:\26\补\数据分析结果\teacher_runs\teacher_parallel_20260804\06_eeg_primary\onset_window_models\trim_10s\09_eeg_order_CR2.csv,0.967920331223616,0.9885143808241185,False,False,False,not_detected_after_four_window_joint_fdr
O_theta_relative,PreviousScene,PreviousWWRWWR45,0.0023288036132865,0.0017434427160529,38.242080711208,0.189526593127904,15.0,E:\26\补\数据分析结果\teacher_runs\teacher_parallel_20260804\06_eeg_primary\onset_window_models\trim_15s\09_eeg_order_CR2.csv,0.568579779383712,0.8936963689298898,False,False,False,not_detected_after_four_window_joint_fdr
O_theta_relative,PreviousScene,PreviousWWRWWR75,0.0042537453873621,0.001564073137808,37.3244395709037,0.0098621366093805,15.0,E:\26\补\数据分析结果\teacher_runs\teacher_parallel_20260804\06_eeg_primary\onset_window_models\trim_15s\09_eeg_order_CR2.csv,0.118345639312566,0.473382557250264,True,False,False,not_detected_after_four_window_joint_fdr
O_theta_relative,PreviousScene,PreviousComplexityC1,0.0023173413003078,0.0029022292050501,24.5204161832308,0.432264135035731,15.0,E:\26\补\数据分析结果\teacher_runs\teacher_parallel_20260804\06_eeg_primary\onset_window_models\trim_15s\09_eeg_order_CR2.csv,0.7340281272581265,0.8936963689298898,False,False,False,not_detected_after_four_window_joint_fdr
F_theta_relative,PreviousScene,PreviousWWRWWR45,0.0030754592619138,0.0018294552870904,38.2429673292668,0.100898351384996,15.0,E:\26\补\数据分析结果\teacher_runs\teacher_parallel_20260804\06_eeg_primary\onset_window_models\trim_15s\09_eeg_order_CR2.csv,0.40359340553998396,0.8071868110799679,False,False,False,not_detected_after_four_window_joint_fdr
F_theta_relative,PreviousScene,PreviousWWRWWR75,0.0026856206624244,0.0014065024537676,37.3258718731039,0.063915494457028,15.0,E:\26\补\数据分析结果\teacher_runs\teacher_parallel_20260804\06_eeg_primary\onset_window_models\trim_15s\09_eeg_order_CR2.csv,0.38349296674216804,0.8071868110799679,False,False,False,not_detected_after_four_window_joint_fdr
F_theta_relative,PreviousScene,PreviousComplexityC1,-1.76403896931444e-05,0.0030720700945615,24.5211137007268,0.995464887173988,15.0,E:\26\补\数据分析结果\teacher_runs\teacher_parallel_20260804\06_eeg_primary\onset_window_models\trim_15s\09_eeg_order_CR2.csv,0.9954648871739881,0.9954648871739881,False,False,False,not_detected_after_four_window_joint_fdr
O_alpha_relative,PreviousScene,PreviousWWRWWR45,-0.0056643244611746,0.0061413205263839,38.2638374179935,0.36213588585392,15.0,E:\26\补\数据分析结果\teacher_runs\teacher_parallel_20260804\06_eeg_primary\onset_window_models\trim_15s\09_eeg_order_CR2.csv,0.7340281272581265,0.8936963689298898,False,False,False,not_detected_after_four_window_joint_fdr
O_alpha_relative,PreviousScene,PreviousWWRWWR75,-0.0036949531633131,0.0043742316503872,37.3596133810579,0.403650419343689,15.0,E:\26\补\数据分析结果\teacher_runs\teacher_parallel_20260804\06_eeg_primary\onset_window_models\trim_15s\09_eeg_order_CR2.csv,0.7340281272581265,0.8936963689298898,False,False,False,not_detected_after_four_window_joint_fdr
O_alpha_relative,PreviousScene,PreviousComplexityC1,0.0047562606004502,0.0067763552494624,24.5374759102973,0.489352084838751,15.0,E:\26\补\数据分析结果\teacher_runs\teacher_parallel_20260804\06_eeg_primary\onset_window_models\trim_15s\09_eeg_order_CR2.csv,0.7340281272581265,0.8936963689298898,False,False,False,not_detected_after_four_window_joint_fdr
O_beta_relative,PreviousScene,PreviousWWRWWR45,-0.0014653760326607,0.0036997908288171,38.2410932970689,0.694254743704593,15.0,E:\26\补\数据分析结果\teacher_runs\teacher_parallel_20260804\06_eeg_primary\onset_window_models\trim_15s\09_eeg_order_CR2.csv,0.9177057702730703,0.980124344053543,False,False,False,not_detected_after_four_window_joint_fdr
O_beta_relative,PreviousScene,PreviousWWRWWR75,-0.0001921774194511,0.0036926373507068,37.3228445649036,0.95877166377556,15.0,E:\26\补\数据分析结果\teacher_runs\teacher_parallel_20260804\06_eeg_primary\onset_window_models\trim_15s\09_eeg_order_CR2.csv,0.9954648871739881,0.9885143808241185,False,False,False,not_detected_after_four_window_joint_fdr
O_beta_relative,PreviousScene,PreviousComplexityC1,-0.0021117877156237,0.0069790510285425,24.5196392028687,0.764754808560892,15.0,E:\26\补\数据分析结果\teacher_runs\teacher_parallel_20260804\06_eeg_primary\onset_window_models\trim_15s\09_eeg_order_CR2.csv,0.9177057702730703,0.9885143808241185,False,False,False,not_detected_after_four_window_joint_fdr
