outcome,term,primary_model,primary_estimate,primary_model_SE,primary_likelihood_p,primary_CI_low,primary_CI_high,companion_or_same_LMM_estimate,CR2_SE,CR2_df,CR2_p,BH_q,family,primary_support,classification,source_primary,source_CR2
TableShare,ComplexityC1,teacher_eye_ordered_beta_mixed,-0.607695476774419,0.121602792897163,5.81142030786426e-07,-0.846032571272341,-0.369358382276497,-0.0995777276538075,0.0243085171159699,28.999404146516,0.0003077389932821,0.0004867078184902,A,True,Concordant,D:\投稿desk\2026sci\260419投稿材料\260722\数据分析结果包-0805（对齐眼动eeg）\filesource_flat\SRC0057__02_eye_stage2__09_familyA_primary_models.csv,D:\投稿desk\2026sci\260419投稿材料\260722\数据分析结果包-0805（对齐眼动eeg）\filesource_flat\SRC0063__02_eye_stage2__12_CR2_robust_results.csv
TableShare,WWRWWR75:ComplexityC1,teacher_eye_ordered_beta_mixed,0.438052224405841,0.145855618403944,0.0026704468059705,0.152180465391294,0.723923983420388,0.0798649682052879,0.0240301283168639,38.6225339096051,0.0019536870483613,0.002930530572542,A,True,Concordant,D:\投稿desk\2026sci\260419投稿材料\260722\数据分析结果包-0805（对齐眼动eeg）\filesource_flat\SRC0057__02_eye_stage2__09_familyA_primary_models.csv,D:\投稿desk\2026sci\260419投稿材料\260722\数据分析结果包-0805（对齐眼动eeg）\filesource_flat\SRC0063__02_eye_stage2__12_CR2_robust_results.csv
TableShare,WWRWWR75:ExperienceGroupLow,teacher_eye_ordered_beta_mixed,-0.498790070964611,0.144871689069709,0.000575345635748,-0.782733363920725,-0.214846778008497,-0.0947780634079112,0.0242576697322604,37.9576490530707,0.0003720539028725,0.0011161617086176,A,True,Concordant,D:\投稿desk\2026sci\260419投稿材料\260722\数据分析结果包-0805（对齐眼动eeg）\filesource_flat\SRC0057__02_eye_stage2__09_familyA_primary_models.csv,D:\投稿desk\2026sci\260419投稿材料\260722\数据分析结果包-0805（对齐眼动eeg）\filesource_flat\SRC0063__02_eye_stage2__12_CR2_robust_results.csv
WindowShare,WWRWWR45,teacher_eye_ordered_beta_mixed,1.00184321381491,0.178383758203686,1.95175166629781e-08,0.652217472308789,1.35146895532104,0.0551495922106183,0.0088936012053549,24.8092206034989,1.80128826612653e-06,5.40386479837958e-06,A,True,Concordant,D:\投稿desk\2026sci\260419投稿材料\260722\数据分析结果包-0805（对齐眼动eeg）\filesource_flat\SRC0057__02_eye_stage2__09_familyA_primary_models.csv,D:\投稿desk\2026sci\260419投稿材料\260722\数据分析结果包-0805（对齐眼动eeg）\filesource_flat\SRC0063__02_eye_stage2__12_CR2_robust_results.csv
WindowShare,WWRWWR75,teacher_eye_ordered_beta_mixed,1.59320187897724,0.164707109414802,3.9292735887913097e-22,1.27038187652653,1.91602188142795,0.110429302653512,0.0140093682407813,25.7794073192907,2.47601879490149e-08,7.42805638470446e-08,A,True,Concordant,D:\投稿desk\2026sci\260419投稿材料\260722\数据分析结果包-0805（对齐眼动eeg）\filesource_flat\SRC0057__02_eye_stage2__09_familyA_primary_models.csv,D:\投稿desk\2026sci\260419投稿材料\260722\数据分析结果包-0805（对齐眼动eeg）\filesource_flat\SRC0063__02_eye_stage2__12_CR2_robust_results.csv
WindowShare,WWRWWR45:ComplexityC1,teacher_eye_ordered_beta_mixed,-0.344241811745207,0.211901981643629,0.104262053221622,-0.759562064019388,0.0710784405289732,-0.0244430019934902,0.0079870866028002,36.1502363707755,0.0041523797611781,0.0124571392835344,A,False,Companion-only,D:\投稿desk\2026sci\260419投稿材料\260722\数据分析结果包-0805（对齐眼动eeg）\filesource_flat\SRC0057__02_eye_stage2__09_familyA_primary_models.csv,D:\投稿desk\2026sci\260419投稿材料\260722\数据分析结果包-0805（对齐眼动eeg）\filesource_flat\SRC0063__02_eye_stage2__12_CR2_robust_results.csv
RawCompetition,WWRWWR45,teacher_eye_lmm,-0.0603457128952499,0.0278968376140725,,-0.115022509901394,-0.0056689158891055,-0.0603457128952499,0.024598661035139,24.4870659700901,0.0216406387912971,0.0324609581869457,A,True,Concordant,D:\投稿desk\2026sci\260419投稿材料\260722\数据分析结果包-0805（对齐眼动eeg）\filesource_flat\SRC0057__02_eye_stage2__09_familyA_primary_models.csv,D:\投稿desk\2026sci\260419投稿材料\260722\数据分析结果包-0805（对齐眼动eeg）\filesource_flat\SRC0063__02_eye_stage2__12_CR2_robust_results.csv
RawCompetition,WWRWWR75,teacher_eye_lmm,-0.0913169327301446,0.0269407306247062,,-0.144119794471764,-0.0385140709885251,-0.0913169327301446,0.0276120787676484,25.4188987009157,0.0028132600076151,0.0042198900114227,A,True,Concordant,D:\投稿desk\2026sci\260419投稿材料\260722\数据分析结果包-0805（对齐眼动eeg）\filesource_flat\SRC0057__02_eye_stage2__09_familyA_primary_models.csv,D:\投稿desk\2026sci\260419投稿材料\260722\数据分析结果包-0805（对齐眼动eeg）\filesource_flat\SRC0063__02_eye_stage2__12_CR2_robust_results.csv
RawCompetition,ComplexityC1,teacher_eye_lmm,-0.105423825630234,0.0259610890369347,,-0.156306625142063,-0.0545410261184041,-0.105423825630234,0.0258582412770667,28.9994921951814,0.0003244718789934,0.0004867078184902,A,True,Concordant,D:\投稿desk\2026sci\260419投稿材料\260722\数据分析结果包-0805（对齐眼动eeg）\filesource_flat\SRC0057__02_eye_stage2__09_familyA_primary_models.csv,D:\投稿desk\2026sci\260419投稿材料\260722\数据分析结果包-0805（对齐眼动eeg）\filesource_flat\SRC0063__02_eye_stage2__12_CR2_robust_results.csv
RawCompetition,WWRWWR75:ComplexityC1,teacher_eye_lmm,0.106101647423581,0.0310526258017607,,0.0452396192267305,0.166963675620431,0.106101647423581,0.0286348902116056,38.6228545482872,0.0006595250012104,0.0019785750036312,A,True,Concordant,D:\投稿desk\2026sci\260419投稿材料\260722\数据分析结果包-0805（对齐眼动eeg）\filesource_flat\SRC0057__02_eye_stage2__09_familyA_primary_models.csv,D:\投稿desk\2026sci\260419投稿材料\260722\数据分析结果包-0805（对齐眼动eeg）\filesource_flat\SRC0063__02_eye_stage2__12_CR2_robust_results.csv
RawCompetition,WWRWWR75:ExperienceGroupLow,teacher_eye_lmm,-0.117231982762743,0.030879711267341,,-0.177755104699727,-0.0567088608257587,-0.117231982762743,0.0358665704477582,37.9590752738089,0.0023004817780477,0.0034507226670715,A,True,Concordant,D:\投稿desk\2026sci\260419投稿材料\260722\数据分析结果包-0805（对齐眼动eeg）\filesource_flat\SRC0057__02_eye_stage2__09_familyA_primary_models.csv,D:\投稿desk\2026sci\260419投稿材料\260722\数据分析结果包-0805（对齐眼动eeg）\filesource_flat\SRC0063__02_eye_stage2__12_CR2_robust_results.csv
LogTableEnrichment,ComplexityC1,teacher_eye_lmm,-0.527043034916943,0.134712378715795,,-0.791074445471622,-0.263011624362265,-0.527043034916943,0.087883500371941,27.4650543716666,1.99160910538487e-06,5.9748273161546e-06,B,True,Concordant,D:\投稿desk\2026sci\260419投稿材料\260722\数据分析结果包-0805（对齐眼动eeg）\filesource_flat\SRC0059__02_eye_stage2__10_familyB_primary_models.csv,D:\投稿desk\2026sci\260419投稿材料\260722\数据分析结果包-0805（对齐眼动eeg）\filesource_flat\SRC0063__02_eye_stage2__12_CR2_robust_results.csv
LogTableEnrichment,WWRWWR75:ComplexityC1,teacher_eye_lmm,0.456388755876687,0.164701443050095,,0.133579859296726,0.779197652456649,0.456388755876687,0.139270407516929,36.0811479863266,0.002324367550615,0.0069731026518452,B,True,Concordant,D:\投稿desk\2026sci\260419投稿材料\260722\数据分析结果包-0805（对齐眼动eeg）\filesource_flat\SRC0059__02_eye_stage2__10_familyB_primary_models.csv,D:\投稿desk\2026sci\260419投稿材料\260722\数据分析结果包-0805（对齐眼动eeg）\filesource_flat\SRC0063__02_eye_stage2__12_CR2_robust_results.csv
LogWindowEnrichment,WWRWWR75,teacher_eye_lmm,0.444506467040164,0.201016625139469,,0.050521121473016,0.838491812607312,0.444506467040164,0.161319954537318,22.6699070606749,0.0113530039776329,0.0340590119328988,B,True,Concordant,D:\投稿desk\2026sci\260419投稿材料\260722\数据分析结果包-0805（对齐眼动eeg）\filesource_flat\SRC0059__02_eye_stage2__10_familyB_primary_models.csv,D:\投稿desk\2026sci\260419投稿材料\260722\数据分析结果包-0805（对齐眼动eeg）\filesource_flat\SRC0063__02_eye_stage2__12_CR2_robust_results.csv
