panel,analysis_scale,temporal_term,ROI,band,onset_trim_s,beta,CI_low,CI_high,CR2_p,BH_q_within_variant,BH_q_cross_variant,passes_cross_variant_FDR,cr2_se,df_Satterthwaite,source_file,source_sheet_or_object,source_row_or_model_id,value_origin
A,relative power,viewing round,Frontal ROI,alpha,0,0.0219884641630798,0.009602240986760414,0.03437468733939918,0.000896003070563978,0.0053760184233838685,0.004608015791471887,True,0.0061297370007459,40.25429527024325,C:\Users\PCI\Documents\论文分析\work\eeg_audit\reanalysis_out\temporal_CR2_tests.csv,broader_temporal_72,CSV row 46; outcome=F_alpha_relative; term=Block,source-derived
A,relative power,viewing round,Frontal ROI,alpha,5,0.0236901162220598,0.010684443767315028,0.03669578867680457,0.0006823087429144866,0.003961346969418769,0.004466020862713003,True,0.0064362927396623,40.25440354399241,C:\Users\PCI\Documents\论文分析\work\eeg_audit\reanalysis_out\temporal_CR2_tests.csv,broader_temporal_72,CSV row 64; outcome=F_alpha_relative; term=Block,source-derived
A,relative power,viewing round,Frontal ROI,alpha,10,0.0254959285296898,0.011767528673122172,0.03922432838625743,0.0005521394688395517,0.0024846276097779826,0.004466020862713003,True,0.0067939624291365,40.25513516174619,C:\Users\PCI\Documents\论文分析\work\eeg_audit\reanalysis_out\temporal_CR2_tests.csv,broader_temporal_72,CSV row 82; outcome=F_alpha_relative; term=Block,source-derived
A,relative power,viewing round,Frontal ROI,alpha,15,0.0269232164380429,0.012145564610092181,0.04170086826599362,0.0006808223213040185,0.004084933927824111,0.004466020862713003,True,0.0073132235865819,40.25573538389301,C:\Users\PCI\Documents\论文分析\work\eeg_audit\reanalysis_out\temporal_CR2_tests.csv,broader_temporal_72,CSV row 100; outcome=F_alpha_relative; term=Block,source-derived
A,relative power,viewing round,Parietal ROI,alpha,0,0.0256532598479709,0.01640534157844766,0.03490117811749414,1.663804152177778e-06,2.9948474739200004e-05,6.464929717017575e-05,True,0.0045766064739627,40.24425643205876,C:\Users\PCI\Documents\论文分析\work\eeg_audit\reanalysis_out\temporal_CR2_tests.csv,broader_temporal_72,CSV row 44; outcome=P_alpha_relative; term=Block,source-derived
A,relative power,viewing round,Parietal ROI,alpha,5,0.0267411089542909,0.017001193433490255,0.03648102447509154,2.003878908563149e-06,3.606982035413668e-05,6.464929717017575e-05,True,0.0048200864733721,40.24441186557172,C:\Users\PCI\Documents\论文分析\work\eeg_audit\reanalysis_out\temporal_CR2_tests.csv,broader_temporal_72,CSV row 62; outcome=P_alpha_relative; term=Block,source-derived
A,relative power,viewing round,Parietal ROI,alpha,10,0.0283775217207341,0.017868267048229292,0.03888677639323891,2.6937207154239896e-06,4.848697287763181e-05,6.464929717017575e-05,True,0.0052008177669368,40.24465303577398,C:\Users\PCI\Documents\论文分析\work\eeg_audit\reanalysis_out\temporal_CR2_tests.csv,broader_temporal_72,CSV row 80; outcome=P_alpha_relative; term=Block,source-derived
A,relative power,viewing round,Parietal ROI,alpha,15,0.0292793009057906,0.01798447027789412,0.04057413153368708,5.443258726237988e-06,9.797865707228378e-05,9.797865707228378e-05,True,0.0055895846138786,40.24492784146087,C:\Users\PCI\Documents\论文分析\work\eeg_audit\reanalysis_out\temporal_CR2_tests.csv,broader_temporal_72,CSV row 98; outcome=P_alpha_relative; term=Block,source-derived
A,relative power,viewing round,Occipital ROI,alpha,0,0.0246621700769238,0.010970298168904631,0.03835404198494297,0.0007690967676919373,0.0053760184233838685,0.004608015791471887,True,0.0067759091131844,40.25969944046399,C:\Users\PCI\Documents\论文分析\work\eeg_audit\reanalysis_out\temporal_CR2_tests.csv,broader_temporal_72,CSV row 38; outcome=O_alpha_relative; term=Block,source-derived
A,relative power,viewing round,Occipital ROI,alpha,5,0.0263488685587539,0.011978382586399276,0.04071935453110852,0.0006353695894481353,0.003961346969418769,0.004466020862713003,True,0.007111747272225,40.26004460848779,C:\Users\PCI\Documents\论文分析\work\eeg_audit\reanalysis_out\temporal_CR2_tests.csv,broader_temporal_72,CSV row 56; outcome=O_alpha_relative; term=Block,source-derived
A,relative power,viewing round,Occipital ROI,alpha,10,0.0284122547980681,0.01337221848061359,0.04345229111552261,0.00045610906786604704,0.0024846276097779826,0.004466020862713003,True,0.0074430997829581,40.26033371559927,C:\Users\PCI\Documents\论文分析\work\eeg_audit\reanalysis_out\temporal_CR2_tests.csv,broader_temporal_72,CSV row 74; outcome=O_alpha_relative; term=Block,source-derived
A,relative power,viewing round,Occipital ROI,alpha,15,0.0295779339805868,0.013485090880340275,0.04567077708083332,0.0006189330468960939,0.004084933927824111,0.004466020862713003,True,0.0079641210301694,40.26068722182186,C:\Users\PCI\Documents\论文分析\work\eeg_audit\reanalysis_out\temporal_CR2_tests.csv,broader_temporal_72,CSV row 92; outcome=O_alpha_relative; term=Block,source-derived
B,log10 absolute power,viewing round,Frontal ROI,alpha,0,0.1107600722759495,0.06316369636734939,0.1583564481845496,3.0071342636345187e-05,0.00018042805581807111,0.00018042805581807111,True,0.0235545760442987,40.24970022672294,C:\Users\PCI\Documents\论文分析\work\eeg_audit\reanalysis_out\temporal_CR2_tests.csv,broader_log10_absolute_temporal_72,CSV row 150; outcome=log10_F_alpha_absolute; term=Block,source-derived
B,log10 absolute power,viewing round,Frontal ROI,alpha,5,0.1096214186193505,0.06296984493108984,0.15627299230761116,2.601039822195055e-05,0.0001560623893317033,0.00017024987927094905,True,0.0230870042366219,40.24933600151929,C:\Users\PCI\Documents\论文分析\work\eeg_audit\reanalysis_out\temporal_CR2_tests.csv,broader_log10_absolute_temporal_72,CSV row 168; outcome=log10_F_alpha_absolute; term=Block,source-derived
B,log10 absolute power,viewing round,Frontal ROI,alpha,10,0.1091140390157622,0.06275153938017516,0.15547653865134922,2.540147204213635e-05,0.0001524088322528181,0.00017024987927094905,True,0.0229439402113739,40.24896177322333,C:\Users\PCI\Documents\论文分析\work\eeg_audit\reanalysis_out\temporal_CR2_tests.csv,broader_log10_absolute_temporal_72,CSV row 186; outcome=log10_F_alpha_absolute; term=Block,source-derived
B,log10 absolute power,viewing round,Frontal ROI,alpha,15,0.1123543870196627,0.06499362084249269,0.15971515319683272,2.252040065947949e-05,0.00013512240395687693,0.00017024987927094905,True,0.02343796251933,40.24889144163301,C:\Users\PCI\Documents\论文分析\work\eeg_audit\reanalysis_out\temporal_CR2_tests.csv,broader_log10_absolute_temporal_72,CSV row 204; outcome=log10_F_alpha_absolute; term=Block,source-derived
B,log10 absolute power,viewing round,Parietal ROI,alpha,0,0.1119643271491177,0.07287119290046032,0.1510574613977751,9.222490943180356e-07,1.6600483697724642e-05,1.6600483697724642e-05,True,0.0193463804864627,40.24319746133756,C:\Users\PCI\Documents\论文分析\work\eeg_audit\reanalysis_out\temporal_CR2_tests.csv,broader_log10_absolute_temporal_72,CSV row 148; outcome=log10_P_alpha_absolute; term=Block,source-derived
B,log10 absolute power,viewing round,Parietal ROI,alpha,5,0.1060661558436352,0.07075073146577195,0.14138158022149844,3.697097210429018e-07,6.654774978772232e-06,9.062030013132598e-06,True,0.017476867877618,40.24301695311811,C:\Users\PCI\Documents\论文分析\work\eeg_audit\reanalysis_out\temporal_CR2_tests.csv,broader_log10_absolute_temporal_72,CSV row 166; outcome=log10_P_alpha_absolute; term=Block,source-derived
B,log10 absolute power,viewing round,Parietal ROI,alpha,10,0.1017696632887592,0.06789906578183769,0.1356402607956807,3.6665412946528373e-07,6.5997743303751074e-06,9.062030013132598e-06,True,0.0167618514526886,40.242884850784286,C:\Users\PCI\Documents\论文分析\work\eeg_audit\reanalysis_out\temporal_CR2_tests.csv,broader_log10_absolute_temporal_72,CSV row 184; outcome=log10_P_alpha_absolute; term=Block,source-derived
B,log10 absolute power,viewing round,Parietal ROI,alpha,15,0.1038706980505728,0.06924924266517389,0.1384921534359717,3.775845838805249e-07,6.796522509849448e-06,9.062030013132598e-06,True,0.0171334366451383,40.24298402353404,C:\Users\PCI\Documents\论文分析\work\eeg_audit\reanalysis_out\temporal_CR2_tests.csv,broader_log10_absolute_temporal_72,CSV row 202; outcome=log10_P_alpha_absolute; term=Block,source-derived
B,log10 absolute power,viewing round,Occipital ROI,alpha,0,0.1187961554667175,0.07114629923607106,0.16644601169736395,1.0352574493176164e-05,9.317317043858547e-05,0.0001486304235769896,True,0.0235809484009032,40.24451290234831,C:\Users\PCI\Documents\论文分析\work\eeg_audit\reanalysis_out\temporal_CR2_tests.csv,broader_log10_absolute_temporal_72,CSV row 142; outcome=log10_O_alpha_absolute; term=Block,source-derived
B,log10 absolute power,viewing round,Occipital ROI,alpha,5,0.1181308770964141,0.07021410282094794,0.16604765137188027,1.23858686314158e-05,0.0001114728176827422,0.0001486304235769896,True,0.0237130425380048,40.24461185220101,C:\Users\PCI\Documents\论文分析\work\eeg_audit\reanalysis_out\temporal_CR2_tests.csv,broader_log10_absolute_temporal_72,CSV row 160; outcome=log10_O_alpha_absolute; term=Block,source-derived
B,log10 absolute power,viewing round,Occipital ROI,alpha,10,0.1190770027036187,0.0701067018332866,0.1680473035739508,1.539133837312899e-05,0.0001385220453581609,0.00015831090898075532,True,0.024234412990444,40.24468946541949,C:\Users\PCI\Documents\论文分析\work\eeg_audit\reanalysis_out\temporal_CR2_tests.csv,broader_log10_absolute_temporal_72,CSV row 178; outcome=log10_O_alpha_absolute; term=Block,source-derived
B,log10 absolute power,viewing round,Occipital ROI,alpha,15,0.1211949868834593,0.07015497129618575,0.17223500247073284,2.220858868331053e-05,0.00013512240395687693,0.00017024987927094905,True,0.0252586763587494,40.24486193813832,C:\Users\PCI\Documents\论文分析\work\eeg_audit\reanalysis_out\temporal_CR2_tests.csv,broader_log10_absolute_temporal_72,CSV row 196; outcome=log10_O_alpha_absolute; term=Block,source-derived
C,log10 absolute power,within-round presentation position,Frontal ROI,alpha,0,0.0175391689183788,0.00795330525361992,0.027125032583137684,0.0006968698907499993,0.0031359145083749967,0.0030790676296872745,True,0.0047256648381472,35.80944672435539,C:\Users\PCI\Documents\论文分析\work\eeg_audit\reanalysis_out\temporal_CR2_tests.csv,broader_log10_absolute_temporal_72,CSV row 151; outcome=log10_F_alpha_absolute; term=PositionWithinBlockCentered,source-derived
C,log10 absolute power,within-round presentation position,Frontal ROI,alpha,5,0.0176918941825672,0.007957528323307993,0.027426260041826408,0.0007477735065375335,0.0026919846235351204,0.0030790676296872745,True,0.004798871934594,35.80903751743015,C:\Users\PCI\Documents\论文分析\work\eeg_audit\reanalysis_out\temporal_CR2_tests.csv,broader_log10_absolute_temporal_72,CSV row 169; outcome=log10_F_alpha_absolute; term=PositionWithinBlockCentered,source-derived
C,log10 absolute power,within-round presentation position,Frontal ROI,alpha,10,0.0177026849612226,0.007935332177094611,0.02747003774535059,0.0007697669074218186,0.002771160866718547,0.0030790676296872745,True,0.0048151319363505,35.80861691081025,C:\Users\PCI\Documents\论文分析\work\eeg_audit\reanalysis_out\temporal_CR2_tests.csv,broader_log10_absolute_temporal_72,CSV row 187; outcome=log10_F_alpha_absolute; term=PositionWithinBlockCentered,source-derived
C,log10 absolute power,within-round presentation position,Frontal ROI,alpha,15,0.0170681586126806,0.007465350343385907,0.026670966881975296,0.0009410116590249252,0.0033876419724897305,0.0035659389184102427,True,0.00473401403978,35.808537844749424,C:\Users\PCI\Documents\论文分析\work\eeg_audit\reanalysis_out\temporal_CR2_tests.csv,broader_log10_absolute_temporal_72,CSV row 205; outcome=log10_F_alpha_absolute; term=PositionWithinBlockCentered,source-derived
C,log10 absolute power,within-round presentation position,Parietal ROI,alpha,0,0.0193004078073611,0.0073540385300677035,0.031246777084654495,0.0023353381105553,0.00840721719799908,0.00840721719799908,True,0.0058893111486028,35.80211761390128,C:\Users\PCI\Documents\论文分析\work\eeg_audit\reanalysis_out\temporal_CR2_tests.csv,broader_log10_absolute_temporal_72,CSV row 149; outcome=log10_P_alpha_absolute; term=PositionWithinBlockCentered,source-derived
C,log10 absolute power,within-round presentation position,Parietal ROI,alpha,5,0.0184292555815446,0.008569248632664688,0.028289262530424512,0.0005547074618546227,0.002496183578345802,0.002662595816902189,True,0.0048607770226007,35.80191346551966,C:\Users\PCI\Documents\论文分析\work\eeg_audit\reanalysis_out\temporal_CR2_tests.csv,broader_log10_absolute_temporal_72,CSV row 167; outcome=log10_P_alpha_absolute; term=PositionWithinBlockCentered,source-derived
C,log10 absolute power,within-round presentation position,Parietal ROI,alpha,10,0.0182345040495071,0.009176419207151091,0.027292588891863104,0.00023784118858305973,0.0010702853486237688,0.0013172742752292539,True,0.0044654455601809,35.80176403847339,C:\Users\PCI\Documents\论文分析\work\eeg_audit\reanalysis_out\temporal_CR2_tests.csv,broader_log10_absolute_temporal_72,CSV row 185; outcome=log10_P_alpha_absolute; term=PositionWithinBlockCentered,source-derived
C,log10 absolute power,within-round presentation position,Parietal ROI,alpha,15,0.018149191338041,0.009053604845192853,0.027244777830889147,0.0002641651888997372,0.0011887433500488173,0.0013585638286272197,True,0.0044839335767758,35.80187621924541,C:\Users\PCI\Documents\论文分析\work\eeg_audit\reanalysis_out\temporal_CR2_tests.csv,broader_log10_absolute_temporal_72,CSV row 203; outcome=log10_P_alpha_absolute; term=PositionWithinBlockCentered,source-derived
C,log10 absolute power,within-round presentation position,Occipital ROI,alpha,0,0.0193961374572475,0.006829244909460807,0.0319630300050342,0.0034625192599548,0.010387557779864401,0.010883598488880104,True,0.0061952251747077,35.80360418702306,C:\Users\PCI\Documents\论文分析\work\eeg_audit\reanalysis_out\temporal_CR2_tests.csv,broader_log10_absolute_temporal_72,CSV row 143; outcome=log10_O_alpha_absolute; term=PositionWithinBlockCentered,source-derived
C,log10 absolute power,within-round presentation position,Occipital ROI,alpha,5,0.0199836128593969,0.007252200981344124,0.03271502473744967,0.003003778099909,0.009011334299727,0.01029866777111657,True,0.006276330578324,35.80371592836851,C:\Users\PCI\Documents\论文分析\work\eeg_audit\reanalysis_out\temporal_CR2_tests.csv,broader_log10_absolute_temporal_72,CSV row 161; outcome=log10_O_alpha_absolute; term=PositionWithinBlockCentered,source-derived
C,log10 absolute power,within-round presentation position,Occipital ROI,alpha,10,0.019883449431508,0.0069945040610124,0.0327723948020036,0.0034767050728367,0.0104301152185101,0.010883598488880104,True,0.0063539919720106,35.80380356687075,C:\Users\PCI\Documents\论文分析\work\eeg_audit\reanalysis_out\temporal_CR2_tests.csv,broader_log10_absolute_temporal_72,CSV row 179; outcome=log10_O_alpha_absolute; term=PositionWithinBlockCentered,source-derived
C,log10 absolute power,within-round presentation position,Occipital ROI,alpha,15,0.0193591175272912,0.006471435156559725,0.03224679989802268,0.0043226326471318,0.0129678979413954,0.0129678979413954,True,0.0063533705449965,35.80399829276943,C:\Users\PCI\Documents\论文分析\work\eeg_audit\reanalysis_out\temporal_CR2_tests.csv,broader_log10_absolute_temporal_72,CSV row 197; outcome=log10_O_alpha_absolute; term=PositionWithinBlockCentered,source-derived
D,relative power,viewing round,Frontal ROI,theta,0,-0.0057684988381949,-0.009132531590108316,-0.0024044660862814838,0.0012737923478925,0.005679442329822,0.00573206556551625,True,0.0016647895570572,40.2428791162726,C:\Users\PCI\Documents\论文分析\work\eeg_audit\reanalysis_out\temporal_CR2_tests.csv,broader_temporal_72,CSV row 36; outcome=F_theta_relative; term=Block,source-derived
D,relative power,viewing round,Frontal ROI,theta,5,-0.0061567901824062,-0.009619011313924154,-0.002694569050888246,0.0008802993265375043,0.003961346969418769,0.004608015791471887,True,0.001713381456236,40.24327410748388,C:\Users\PCI\Documents\论文分析\work\eeg_audit\reanalysis_out\temporal_CR2_tests.csv,broader_temporal_72,CSV row 54; outcome=F_theta_relative; term=Block,source-derived
D,relative power,viewing round,Frontal ROI,theta,10,-0.0066902056524195,-0.010125632176790418,-0.003254779128048582,0.00032097470822247515,0.0024846276097779826,0.004466020862713003,True,0.0017001213782917,40.24328756818978,C:\Users\PCI\Documents\论文分析\work\eeg_audit\reanalysis_out\temporal_CR2_tests.csv,broader_temporal_72,CSV row 72; outcome=F_theta_relative; term=Block,source-derived
D,relative power,viewing round,Frontal ROI,theta,15,-0.0064203038726874,-0.01015318705940831,-0.0026874206859664913,0.0012362719806105,0.00556322391274725,0.00573206556551625,True,0.0018473269278754,40.24357819710807,C:\Users\PCI\Documents\论文分析\work\eeg_audit\reanalysis_out\temporal_CR2_tests.csv,broader_temporal_72,CSV row 90; outcome=F_theta_relative; term=Block,source-derived
D,relative power,viewing round,Parietal ROI,theta,0,-0.0060187595407009,-0.010406047126116248,-0.0016314719552855527,0.0083952102803693,0.021587683578092487,0.022387227414318134,True,0.0021711790533753,40.2441054141461,C:\Users\PCI\Documents\论文分析\work\eeg_audit\reanalysis_out\temporal_CR2_tests.csv,broader_temporal_72,CSV row 42; outcome=P_theta_relative; term=Block,source-derived
D,relative power,viewing round,Parietal ROI,theta,5,-0.0062426185160734,-0.010735368277110937,-0.0017498687550358645,0.0076583176385266,0.019692816784782685,0.022387227414318134,True,0.0022233714764602,40.244892182485984,C:\Users\PCI\Documents\论文分析\work\eeg_audit\reanalysis_out\temporal_CR2_tests.csv,broader_temporal_72,CSV row 60; outcome=P_theta_relative; term=Block,source-derived
D,relative power,viewing round,Parietal ROI,theta,10,-0.0068201931317794,-0.011026556929334628,-0.0026138293342241724,0.0021695565779908,0.006508669733972401,0.007810403680766881,True,0.002081644516745,40.244700077313134,C:\Users\PCI\Documents\论文分析\work\eeg_audit\reanalysis_out\temporal_CR2_tests.csv,broader_temporal_72,CSV row 78; outcome=P_theta_relative; term=Block,source-derived
D,relative power,viewing round,Parietal ROI,theta,15,-0.0059886932910837,-0.010311961670909881,-0.0016654249112575186,0.0078308618781771,0.0234925856345313,0.022387227414318134,True,0.0021394984369176,40.24482325900314,C:\Users\PCI\Documents\论文分析\work\eeg_audit\reanalysis_out\temporal_CR2_tests.csv,broader_temporal_72,CSV row 96; outcome=P_theta_relative; term=Block,source-derived
D,relative power,viewing round,Occipital ROI,theta,0,-0.004529945416424,-0.007509239159890845,-0.0015506516729571545,0.0037995274938698,0.0113985824816094,0.011894173024288069,True,0.0014743893862576,40.24211195797588,C:\Users\PCI\Documents\论文分析\work\eeg_audit\reanalysis_out\temporal_CR2_tests.csv,broader_temporal_72,CSV row 34; outcome=O_theta_relative; term=Block,source-derived
D,relative power,viewing round,Occipital ROI,theta,5,-0.0047801509111462,-0.007837703312490113,-0.0017225985098022856,0.0030001234028875,0.009000370208662501,0.009818585682177274,True,0.0015131180574586,40.24221381829072,C:\Users\PCI\Documents\论文分析\work\eeg_audit\reanalysis_out\temporal_CR2_tests.csv,broader_temporal_72,CSV row 52; outcome=O_theta_relative; term=Block,source-derived
D,relative power,viewing round,Occipital ROI,theta,10,-0.005409812179335,-0.008677868851531061,-0.002141755507138939,0.0017901978485907,0.00644471225492652,0.0071607913943628,True,0.0016172923457558,40.24235365463571,C:\Users\PCI\Documents\论文分析\work\eeg_audit\reanalysis_out\temporal_CR2_tests.csv,broader_temporal_72,CSV row 70; outcome=O_theta_relative; term=Block,source-derived
D,relative power,viewing round,Occipital ROI,theta,15,-0.0054794362704906,-0.008952790221207086,-0.002006082319774115,0.0027731034283923,0.00998317234221228,0.009507783183059313,True,0.0017188899509354,40.24258838192383,C:\Users\PCI\Documents\论文分析\work\eeg_audit\reanalysis_out\temporal_CR2_tests.csv,broader_temporal_72,CSV row 88; outcome=O_theta_relative; term=Block,source-derived
